run_accession	sample_accession	secondary_sample_accession	sample_alias	sample_title	library_layout	fastq_ftp	fastq_md5	fastq_bytes
SRR26039771	SAMN37359266	SRS18863650	GSM7776136	Leaves, 12d post transition, ZT0, rep 2	PAIRED	ftp.sra.ebi.ac.uk/vol1/fastq/SRR260/071/SRR26039771/SRR26039771_1.fastq.gz;ftp.sra.ebi.ac.uk/vol1/fastq/SRR260/071/SRR26039771/SRR26039771_2.fastq.gz	852514bac8ff3a4702a2c5980ddeeb90;a543de64065e19a82380348ed3437e91	3450741290;3623529280
SRR26039773	SAMN37359268	SRS18863648	GSM7776134	Leaves, 7d post transition, ZT8, rep 3	PAIRED	ftp.sra.ebi.ac.uk/vol1/fastq/SRR260/073/SRR26039773/SRR26039773_1.fastq.gz;ftp.sra.ebi.ac.uk/vol1/fastq/SRR260/073/SRR26039773/SRR26039773_2.fastq.gz	06bcfaed1b07e0d5d4eb70ea758c3bbc;83d83614611290c243458506a3741f9e	2296431693;2296361983
SRR26039779	SAMN37359274	SRS18863642	GSM7776128	Leaves, 7d post transition, ZT20, rep 3	PAIRED	ftp.sra.ebi.ac.uk/vol1/fastq/SRR260/079/SRR26039779/SRR26039779_1.fastq.gz;ftp.sra.ebi.ac.uk/vol1/fastq/SRR260/079/SRR26039779/SRR26039779_2.fastq.gz	b6867785c3e97bfa04465c7c6d575c05;d3b3cf944b941facd51257eb7bf896f7	2726337149;2729592517
SRR26039780	SAMN37359275	SRS18863641	GSM7776127	Leaves, 7d post transition, ZT20, rep 2	PAIRED	ftp.sra.ebi.ac.uk/vol1/fastq/SRR260/080/SRR26039780/SRR26039780_1.fastq.gz;ftp.sra.ebi.ac.uk/vol1/fastq/SRR260/080/SRR26039780/SRR26039780_2.fastq.gz	ce75f5bd31b78a02f151c402b1e11d7d;d7841a4a0f6fe0603442e782e8a3da9c	1857369014;1933178925
SRR26039789	SAMN37359253	SRS18863632	GSM7776149	Leaves, 12d post transition, ZT20, rep 3	PAIRED	ftp.sra.ebi.ac.uk/vol1/fastq/SRR260/089/SRR26039789/SRR26039789_1.fastq.gz;ftp.sra.ebi.ac.uk/vol1/fastq/SRR260/089/SRR26039789/SRR26039789_2.fastq.gz	1b71c6dfd264d2e3dfcf10a838b3b622;f2c80d7149ce634bb65dbef02d70196c	3566337104;3697475267
SRR26039792	SAMN37359256	SRS18863629	GSM7776146	Leaves, 12d post transition, ZT1, rep 3	PAIRED	ftp.sra.ebi.ac.uk/vol1/fastq/SRR260/092/SRR26039792/SRR26039792_1.fastq.gz;ftp.sra.ebi.ac.uk/vol1/fastq/SRR260/092/SRR26039792/SRR26039792_2.fastq.gz	44610800a865c1aa2ce82417138f027b;0add761fe05f69fc5d0e76fc80337d8c	4433117625;4597065189
SRR26039793	SAMN37359257	SRS18863628	GSM7776145	Leaves, 12d post transition, ZT1, rep 2	PAIRED	ftp.sra.ebi.ac.uk/vol1/fastq/SRR260/093/SRR26039793/SRR26039793_1.fastq.gz;ftp.sra.ebi.ac.uk/vol1/fastq/SRR260/093/SRR26039793/SRR26039793_2.fastq.gz	6bbf03a58a7f8a6521c7aac319f1f844;a164cd5401af53a3be8e6fb4a825f41f	3019715513;3155635039
SRR26039796	SAMN37359260	SRS18863625	GSM7776142	Leaves, 12d post transition, ZT16, rep 2	PAIRED	ftp.sra.ebi.ac.uk/vol1/fastq/SRR260/096/SRR26039796/SRR26039796_1.fastq.gz;ftp.sra.ebi.ac.uk/vol1/fastq/SRR260/096/SRR26039796/SRR26039796_2.fastq.gz	e6d4c7fe6feffb3ba7ae573e900de79f;087778c1027bc74075ae53769daa2c04	3409526654;3559797458
SRR26039800	SAMN37359280	SRS18863621	GSM7776122	Leaves, 7d post transition, ZT16, rep 3	PAIRED	ftp.sra.ebi.ac.uk/vol1/fastq/SRR260/000/SRR26039800/SRR26039800_1.fastq.gz;ftp.sra.ebi.ac.uk/vol1/fastq/SRR260/000/SRR26039800/SRR26039800_2.fastq.gz	dcc35961405dd5716692f4c93a423a6c;231974d9135be44b90d1e3afccd6afd8	3154447180;3267884059
SRR26039812	SAMN37359292	SRS18863609	GSM7776110	Leaves, 2d post transition, ZT4, rep 3	PAIRED	ftp.sra.ebi.ac.uk/vol1/fastq/SRR260/012/SRR26039812/SRR26039812_1.fastq.gz;ftp.sra.ebi.ac.uk/vol1/fastq/SRR260/012/SRR26039812/SRR26039812_2.fastq.gz	c4d98cf49faf24e69f2dc20d39e5c6ba;fa498cf8bc275e98e3b314139d3bb52f	2142947857;2144623367
SRR26039820	SAMN37359300	SRS18863601	GSM7776102	Leaves, 2d post transition, ZT1, rep 1	PAIRED	ftp.sra.ebi.ac.uk/vol1/fastq/SRR260/020/SRR26039820/SRR26039820_1.fastq.gz;ftp.sra.ebi.ac.uk/vol1/fastq/SRR260/020/SRR26039820/SRR26039820_2.fastq.gz	bd0b287f5001f9d733df72da0077835f;c07bbf9d67af0117b82201051281c2a8	2670889236;2786877269
SRR26039829	SAMN37359309	SRS18863592	GSM7776093	Leaves, 2d post transition, ZT0, rep 1	PAIRED	ftp.sra.ebi.ac.uk/vol1/fastq/SRR260/029/SRR26039829/SRR26039829_1.fastq.gz;ftp.sra.ebi.ac.uk/vol1/fastq/SRR260/029/SRR26039829/SRR26039829_2.fastq.gz	151ef85bf27a7e7f6ecd8d66ca07264d;7d1f878bf337819ac03f5a82171b2277	2753905806;2755370606
SRR26039776	SAMN37359271	SRS18863645	GSM7776131	Leaves, 7d post transition, ZT4, rep 3	PAIRED	ftp.sra.ebi.ac.uk/vol1/fastq/SRR260/076/SRR26039776/SRR26039776_1.fastq.gz;ftp.sra.ebi.ac.uk/vol1/fastq/SRR260/076/SRR26039776/SRR26039776_2.fastq.gz	6e00d7c540fc67836bc139eaa369efee;3f34092fd0a186650c131554444e0df3	3902627062;3900126163
SRR26039784	SAMN37359248	SRS18863637	GSM7776154	Leaves, 12d post transition, ZT8, rep 2	PAIRED	ftp.sra.ebi.ac.uk/vol1/fastq/SRR260/084/SRR26039784/SRR26039784_1.fastq.gz;ftp.sra.ebi.ac.uk/vol1/fastq/SRR260/084/SRR26039784/SRR26039784_2.fastq.gz	8681e2add2ef21e950a294cc326fad53;d67e50ad3ce8afa354628e114fff1dfa	2059788693;2062683937
SRR26039786	SAMN37359250	SRS18863635	GSM7776152	Leaves, 12d post transition, ZT4, rep 3	PAIRED	ftp.sra.ebi.ac.uk/vol1/fastq/SRR260/086/SRR26039786/SRR26039786_1.fastq.gz;ftp.sra.ebi.ac.uk/vol1/fastq/SRR260/086/SRR26039786/SRR26039786_2.fastq.gz	3cf436da3a038759717f83b43617e108;8245da03d729224921cbf0c4793820b7	3090294421;3090887617
SRR26039790	SAMN37359254	SRS18863631	GSM7776148	Leaves, 12d post transition, ZT20, rep 2	PAIRED	ftp.sra.ebi.ac.uk/vol1/fastq/SRR260/090/SRR26039790/SRR26039790_1.fastq.gz;ftp.sra.ebi.ac.uk/vol1/fastq/SRR260/090/SRR26039790/SRR26039790_2.fastq.gz	b61da357beeb78693c57d8740ae5e4ca;5243fe3dfa375c29d0096dc3460f148f	2082061745;2080176736
SRR26039795	SAMN37359259	SRS18863626	GSM7776143	Leaves, 12d post transition, ZT16, rep 3	PAIRED	ftp.sra.ebi.ac.uk/vol1/fastq/SRR260/095/SRR26039795/SRR26039795_1.fastq.gz;ftp.sra.ebi.ac.uk/vol1/fastq/SRR260/095/SRR26039795/SRR26039795_2.fastq.gz	4f4912ed36fa723a27e6dfe7e0e12878;1f1328353b5f27ce156f12e0f44e3014	6966672130;7212635944
SRR26039797	SAMN37359261	SRS18863624	GSM7776141	Leaves, 12d post transition, ZT16, rep 1	PAIRED	ftp.sra.ebi.ac.uk/vol1/fastq/SRR260/097/SRR26039797/SRR26039797_1.fastq.gz;ftp.sra.ebi.ac.uk/vol1/fastq/SRR260/097/SRR26039797/SRR26039797_2.fastq.gz	cceb1e1ccadd6f91a1de17d73bc5cb8a;c149ad1c9bc416b138b5fe05edd8f44a	2155480579;2157814347
SRR26039802	SAMN37359282	SRS18863619	GSM7776120	Leaves, 7d post transition, ZT16, rep 1	PAIRED	ftp.sra.ebi.ac.uk/vol1/fastq/SRR260/002/SRR26039802/SRR26039802_1.fastq.gz;ftp.sra.ebi.ac.uk/vol1/fastq/SRR260/002/SRR26039802/SRR26039802_2.fastq.gz	0a7b7132b8b084cf16a9ce84a414b9c5;40b7941ac7cec5cee6e7be6edec4d258	2902195120;3040325780
SRR26039803	SAMN37359283	SRS18863618	GSM7776119	Leaves, 7d post transition, ZT12, rep 3	PAIRED	ftp.sra.ebi.ac.uk/vol1/fastq/SRR260/003/SRR26039803/SRR26039803_1.fastq.gz;ftp.sra.ebi.ac.uk/vol1/fastq/SRR260/003/SRR26039803/SRR26039803_2.fastq.gz	337e6ef33bf76ac632e1094f14272059;953f7a3f54ddf6836491a32eed8c0c34	3044796278;3232086116
SRR26039804	SAMN37359284	SRS18863617	GSM7776118	Leaves, 7d post transition, ZT12, rep 2	PAIRED	ftp.sra.ebi.ac.uk/vol1/fastq/SRR260/004/SRR26039804/SRR26039804_1.fastq.gz;ftp.sra.ebi.ac.uk/vol1/fastq/SRR260/004/SRR26039804/SRR26039804_2.fastq.gz	923ef0259dddffc4070d70c6ed8b7a28;540d840ca74052e5e399a1de0446aa84	2487477181;2575759029
SRR26039805	SAMN37359285	SRS18863616	GSM7776117	Leaves, 7d post transition, ZT12, rep 1	PAIRED	ftp.sra.ebi.ac.uk/vol1/fastq/SRR260/005/SRR26039805/SRR26039805_1.fastq.gz;ftp.sra.ebi.ac.uk/vol1/fastq/SRR260/005/SRR26039805/SRR26039805_2.fastq.gz	5de5ab20ea791a1fb8d094ffc616f045;6a57b4d13d47415a0a82d19197d7d5dd	3249329179;3369276747
SRR26039810	SAMN37359290	SRS18863611	GSM7776112	Leaves, 2d post transition, ZT8, rep 2	PAIRED	ftp.sra.ebi.ac.uk/vol1/fastq/SRR260/010/SRR26039810/SRR26039810_1.fastq.gz;ftp.sra.ebi.ac.uk/vol1/fastq/SRR260/010/SRR26039810/SRR26039810_2.fastq.gz	6f18a330c6f835b864ef90138d4c710c;ea576ac8fafd66837f04728fcdb694d0	2838444728;2945205725
SRR26039819	SAMN37359299	SRS18863602	GSM7776103	Leaves, 2d post transition, ZT1, rep 2	PAIRED	ftp.sra.ebi.ac.uk/vol1/fastq/SRR260/019/SRR26039819/SRR26039819_1.fastq.gz;ftp.sra.ebi.ac.uk/vol1/fastq/SRR260/019/SRR26039819/SRR26039819_2.fastq.gz	c97f5217423d66ae563fb1e721748b74;399a50941d084bca29c39ccb3ea64ff0	2757987329;2850052064
SRR26039823	SAMN37359303	SRS18863598	GSM7776099	Leaves, 2d post transition, ZT16, rep 1	PAIRED	ftp.sra.ebi.ac.uk/vol1/fastq/SRR260/023/SRR26039823/SRR26039823_1.fastq.gz;ftp.sra.ebi.ac.uk/vol1/fastq/SRR260/023/SRR26039823/SRR26039823_2.fastq.gz	e98ed996ec63b12c74d13ff09f46e515;9445720edcf5f79750e828f645946178	3113955986;3114911083
SRR26039824	SAMN37359304	SRS18863597	GSM7776098	Leaves, 2d post transition, ZT12, rep 3	PAIRED	ftp.sra.ebi.ac.uk/vol1/fastq/SRR260/024/SRR26039824/SRR26039824_1.fastq.gz;ftp.sra.ebi.ac.uk/vol1/fastq/SRR260/024/SRR26039824/SRR26039824_2.fastq.gz	021d67d19ab17d150eaf3092bd8ede20;a77d247de75bc5c54b1504abfb5207f5	4030614119;4160181145
SRR26039769	SAMN37359264	SRS18863652	GSM7776138	Leaves, 12d post transition, ZT12, rep 1	PAIRED	ftp.sra.ebi.ac.uk/vol1/fastq/SRR260/069/SRR26039769/SRR26039769_1.fastq.gz;ftp.sra.ebi.ac.uk/vol1/fastq/SRR260/069/SRR26039769/SRR26039769_2.fastq.gz	5c193c9db7ac7078137b81266f8add7c;1a0a01a0a3c823dfd94a14895692d8c6	3758465355;3906159243
SRR26039774	SAMN37359269	SRS18863647	GSM7776133	Leaves, 7d post transition, ZT8, rep 2	PAIRED	ftp.sra.ebi.ac.uk/vol1/fastq/SRR260/074/SRR26039774/SRR26039774_1.fastq.gz;ftp.sra.ebi.ac.uk/vol1/fastq/SRR260/074/SRR26039774/SRR26039774_2.fastq.gz	c5e9d531081d759fadf89bf0b7e86260;98c99956be57f89584c4cfea7ba5f064	7089570862;7406177661
SRR26039778	SAMN37359273	SRS18863643	GSM7776129	Leaves, 7d post transition, ZT4, rep 1	PAIRED	ftp.sra.ebi.ac.uk/vol1/fastq/SRR260/078/SRR26039778/SRR26039778_1.fastq.gz;ftp.sra.ebi.ac.uk/vol1/fastq/SRR260/078/SRR26039778/SRR26039778_2.fastq.gz	f761eccd8753b678b39b1232af20e742;a30f6adfee7d37a90eb3ca29a1bf5fd9	2889610916;2987139621
SRR26039799	SAMN37359279	SRS18863622	GSM7776123	Leaves, 7d post transition, ZT1, rep 1	PAIRED	ftp.sra.ebi.ac.uk/vol1/fastq/SRR260/099/SRR26039799/SRR26039799_1.fastq.gz;ftp.sra.ebi.ac.uk/vol1/fastq/SRR260/099/SRR26039799/SRR26039799_2.fastq.gz	8efd4d1209b75696147ec3e53b4ee35e;34d2088be01409a90eb731e3a2d58c22	3871298127;4027271717
SRR26039807	SAMN37359287	SRS18863614	GSM7776115	Leaves, 7d post transition, ZT0, rep 2	PAIRED	ftp.sra.ebi.ac.uk/vol1/fastq/SRR260/007/SRR26039807/SRR26039807_1.fastq.gz;ftp.sra.ebi.ac.uk/vol1/fastq/SRR260/007/SRR26039807/SRR26039807_2.fastq.gz	ce320fd7e904bc5e5a4151477eaaffb1;3e14961beaea5f4032dcb583f1dacb6f	2705387980;2833212276
SRR26039808	SAMN37359288	SRS18863613	GSM7776114	Leaves, 7d post transition, ZT0, rep 1	PAIRED	ftp.sra.ebi.ac.uk/vol1/fastq/SRR260/008/SRR26039808/SRR26039808_1.fastq.gz;ftp.sra.ebi.ac.uk/vol1/fastq/SRR260/008/SRR26039808/SRR26039808_2.fastq.gz	77ebcc76ab65592445c2972303ce2c4f;eea435eafa38c841fdbe833ab58e23cc	3288486806;3425519488
SRR26039815	SAMN37359295	SRS18863606	GSM7776107	Leaves, 2d post transition, ZT20, rep 3	PAIRED	ftp.sra.ebi.ac.uk/vol1/fastq/SRR260/015/SRR26039815/SRR26039815_1.fastq.gz;ftp.sra.ebi.ac.uk/vol1/fastq/SRR260/015/SRR26039815/SRR26039815_2.fastq.gz	a4727838824cef8dada972e0d9eac602;37fbe09f2fe0f9d40e80d6cc2a97369d	2794862185;2892393442
SRR26039817	SAMN37359297	SRS18863604	GSM7776105	Leaves, 2d post transition, ZT20, rep 1	PAIRED	ftp.sra.ebi.ac.uk/vol1/fastq/SRR260/017/SRR26039817/SRR26039817_1.fastq.gz;ftp.sra.ebi.ac.uk/vol1/fastq/SRR260/017/SRR26039817/SRR26039817_2.fastq.gz	1ce5a219c39403118765251ff99167fd;e3a7696b4281e4cacf01f8279cb3b355	3741272608;3808791910
SRR26039821	SAMN37359301	SRS18863600	GSM7776101	Leaves, 2d post transition, ZT16, rep 3	PAIRED	ftp.sra.ebi.ac.uk/vol1/fastq/SRR260/021/SRR26039821/SRR26039821_1.fastq.gz;ftp.sra.ebi.ac.uk/vol1/fastq/SRR260/021/SRR26039821/SRR26039821_2.fastq.gz	f5fa480aff5b83c86d82475857268534;c084a4e3298623fe9ee508bcb204dac0	4231675292;4420545266
SRR26039822	SAMN37359302	SRS18863599	GSM7776100	Leaves, 2d post transition, ZT16, rep 2	PAIRED	ftp.sra.ebi.ac.uk/vol1/fastq/SRR260/022/SRR26039822/SRR26039822_1.fastq.gz;ftp.sra.ebi.ac.uk/vol1/fastq/SRR260/022/SRR26039822/SRR26039822_2.fastq.gz	4ee4149c31fc06f423b57c1e3ddcd286;fc5bcbae31d6472c648433dab38e25f2	2836517439;2917456133
SRR26039825	SAMN37359305	SRS18863596	GSM7776097	Leaves, 2d post transition, ZT12, rep 2	PAIRED	ftp.sra.ebi.ac.uk/vol1/fastq/SRR260/025/SRR26039825/SRR26039825_1.fastq.gz;ftp.sra.ebi.ac.uk/vol1/fastq/SRR260/025/SRR26039825/SRR26039825_2.fastq.gz	0a2fd4d83ccf9ed8a3d5b689af57a752;13fdca4da3b6b2e3ece1f311e92284cc	2133308931;2132657564
SRR26039828	SAMN37359308	SRS18863593	GSM7776094	Leaves, 2d post transition, ZT0, rep 2	PAIRED	ftp.sra.ebi.ac.uk/vol1/fastq/SRR260/028/SRR26039828/SRR26039828_1.fastq.gz;ftp.sra.ebi.ac.uk/vol1/fastq/SRR260/028/SRR26039828/SRR26039828_2.fastq.gz	2429fa0a754a4b5545a93fde6763f756;1e7901ba6eb2a9117b6be7dbc7150373	2572787889;2693128058
SRR26039767	SAMN37359262	SRS18863654	GSM7776140	Leaves, 12d post transition, ZT12, rep 3	PAIRED	ftp.sra.ebi.ac.uk/vol1/fastq/SRR260/067/SRR26039767/SRR26039767_1.fastq.gz;ftp.sra.ebi.ac.uk/vol1/fastq/SRR260/067/SRR26039767/SRR26039767_2.fastq.gz	d97cec56fd23680be21590847452d6ce;06b9b8a909af190253b8e4da8bf86a0b	2655521880;2772348645
SRR26039772	SAMN37359267	SRS18863649	GSM7776135	Leaves, 12d post transition, ZT0, rep 1	PAIRED	ftp.sra.ebi.ac.uk/vol1/fastq/SRR260/072/SRR26039772/SRR26039772_1.fastq.gz;ftp.sra.ebi.ac.uk/vol1/fastq/SRR260/072/SRR26039772/SRR26039772_2.fastq.gz	0a323588f2591a8fb82f280ef6a16591;c89e9918b2ab9c7c5f660891f9ff4c2b	3913636922;4223406890
SRR26039775	SAMN37359270	SRS18863646	GSM7776132	Leaves, 7d post transition, ZT8, rep 1	PAIRED	ftp.sra.ebi.ac.uk/vol1/fastq/SRR260/075/SRR26039775/SRR26039775_1.fastq.gz;ftp.sra.ebi.ac.uk/vol1/fastq/SRR260/075/SRR26039775/SRR26039775_2.fastq.gz	bd38f5059fb25765662ae1969fd52a86;bf49197a421babcb8e972beaf02a387c	3376574076;3523809407
SRR26039777	SAMN37359272	SRS18863644	GSM7776130	Leaves, 7d post transition, ZT4, rep 2	PAIRED	ftp.sra.ebi.ac.uk/vol1/fastq/SRR260/077/SRR26039777/SRR26039777_1.fastq.gz;ftp.sra.ebi.ac.uk/vol1/fastq/SRR260/077/SRR26039777/SRR26039777_2.fastq.gz	fc5939b76940c3dc887766fb13f0f952;5818e751829e63e7644fa95b6adf1110	2954733920;3066398467
SRR26039783	SAMN37359247	SRS18863638	GSM7776155	Leaves, 12d post transition, ZT8, rep 3	PAIRED	ftp.sra.ebi.ac.uk/vol1/fastq/SRR260/083/SRR26039783/SRR26039783_1.fastq.gz;ftp.sra.ebi.ac.uk/vol1/fastq/SRR260/083/SRR26039783/SRR26039783_2.fastq.gz	c6a018fe464019aaa30922d18cadc96c;2d887d025c6e5db5e615d8647edbbdc6	2968669828;3134318182
SRR26039788	SAMN37359252	SRS18863633	GSM7776150	Leaves, 12d post transition, ZT4, rep 1	PAIRED	ftp.sra.ebi.ac.uk/vol1/fastq/SRR260/088/SRR26039788/SRR26039788_1.fastq.gz;ftp.sra.ebi.ac.uk/vol1/fastq/SRR260/088/SRR26039788/SRR26039788_2.fastq.gz	0e40c3465e10220403e752df366f2d3e;2734708cf9b7ef30a5505392dc6ef260	2583277401;2581517378
SRR26039794	SAMN37359258	SRS18863627	GSM7776144	Leaves, 12d post transition, ZT1, rep 1	PAIRED	ftp.sra.ebi.ac.uk/vol1/fastq/SRR260/094/SRR26039794/SRR26039794_1.fastq.gz;ftp.sra.ebi.ac.uk/vol1/fastq/SRR260/094/SRR26039794/SRR26039794_2.fastq.gz	976ddc5d4e5ddc25a57929b7f16d54d8;37e1bec6324bbb1f3148443ecbc5833b	2698514281;2700047698
SRR26039798	SAMN37359278	SRS18863623	GSM7776124	Leaves, 7d post transition, ZT1, rep 2	PAIRED	ftp.sra.ebi.ac.uk/vol1/fastq/SRR260/098/SRR26039798/SRR26039798_1.fastq.gz;ftp.sra.ebi.ac.uk/vol1/fastq/SRR260/098/SRR26039798/SRR26039798_2.fastq.gz	77b37e8da604b044f06ee53341e35ceb;c0b97c0b5a7635f3ea797fa59bb4704a	2249992784;2322578722
SRR26039801	SAMN37359281	SRS18863620	GSM7776121	Leaves, 7d post transition, ZT16, rep 2	PAIRED	ftp.sra.ebi.ac.uk/vol1/fastq/SRR260/001/SRR26039801/SRR26039801_1.fastq.gz;ftp.sra.ebi.ac.uk/vol1/fastq/SRR260/001/SRR26039801/SRR26039801_2.fastq.gz	babd7380628363f8402364572bbea374;bce391cb1ea6e801c761ba80d17e2346	2709672543;2807268458
SRR26039806	SAMN37359286	SRS18863615	GSM7776116	Leaves, 7d post transition, ZT0, rep 3	PAIRED	ftp.sra.ebi.ac.uk/vol1/fastq/SRR260/006/SRR26039806/SRR26039806_1.fastq.gz;ftp.sra.ebi.ac.uk/vol1/fastq/SRR260/006/SRR26039806/SRR26039806_2.fastq.gz	c1bf9a403187a42636e9f65d7b4343b4;1da441f7ad3c4b524513becb946dd89f	3917188966;4092290318
SRR26039813	SAMN37359293	SRS18863608	GSM7776109	Leaves, 2d post transition, ZT4, rep 2	PAIRED	ftp.sra.ebi.ac.uk/vol1/fastq/SRR260/013/SRR26039813/SRR26039813_1.fastq.gz;ftp.sra.ebi.ac.uk/vol1/fastq/SRR260/013/SRR26039813/SRR26039813_2.fastq.gz	6e482a2a11d1393cc9b72959de19cd1e;da5dac6f1c4f2bfdb1101068452563ef	3059456291;3176146461
SRR26039814	SAMN37359294	SRS18863607	GSM7776108	Leaves, 2d post transition, ZT4, rep 1	PAIRED	ftp.sra.ebi.ac.uk/vol1/fastq/SRR260/014/SRR26039814/SRR26039814_1.fastq.gz;ftp.sra.ebi.ac.uk/vol1/fastq/SRR260/014/SRR26039814/SRR26039814_2.fastq.gz	d9cc8a52ae47c8a8440e3c53d40fd004;c869c5d28d657f8c43c1a6785d50099a	2799142499;2933322615
SRR26039826	SAMN37359306	SRS18863595	GSM7776096	Leaves, 2d post transition, ZT12, rep 1	PAIRED	ftp.sra.ebi.ac.uk/vol1/fastq/SRR260/026/SRR26039826/SRR26039826_1.fastq.gz;ftp.sra.ebi.ac.uk/vol1/fastq/SRR260/026/SRR26039826/SRR26039826_2.fastq.gz	a48a04b06770a8565a6398b0a5065600;34ed9e1ace5d7518ad5dcbb7f023c15a	7621129727;7986511311
SRR26039827	SAMN37359307	SRS18863594	GSM7776095	Leaves, 2d post transition, ZT0, rep 3	PAIRED	ftp.sra.ebi.ac.uk/vol1/fastq/SRR260/027/SRR26039827/SRR26039827_1.fastq.gz;ftp.sra.ebi.ac.uk/vol1/fastq/SRR260/027/SRR26039827/SRR26039827_2.fastq.gz	a4aa56b3be752083db2bfa2ab66caa88;9f6cca6e14374dfa84c73277f00b365c	2637755338;2639393126
SRR26039768	SAMN37359263	SRS18863653	GSM7776139	Leaves, 12d post transition, ZT12, rep 2	PAIRED	ftp.sra.ebi.ac.uk/vol1/fastq/SRR260/068/SRR26039768/SRR26039768_1.fastq.gz;ftp.sra.ebi.ac.uk/vol1/fastq/SRR260/068/SRR26039768/SRR26039768_2.fastq.gz	f70969096f8c5498536e5c7671be0750;6dce681a09db311aa8cd82521c1851e5	3698613536;3916540091
SRR26039770	SAMN37359265	SRS18863651	GSM7776137	Leaves, 12d post transition, ZT0, rep 3	PAIRED	ftp.sra.ebi.ac.uk/vol1/fastq/SRR260/070/SRR26039770/SRR26039770_1.fastq.gz;ftp.sra.ebi.ac.uk/vol1/fastq/SRR260/070/SRR26039770/SRR26039770_2.fastq.gz	100c0c65ef1616c05026afe6332ab80b;5548ddd1938b31172a1d96023657a6b6	3059740640;3243380418
SRR26039781	SAMN37359276	SRS18863640	GSM7776126	Leaves, 7d post transition, ZT20, rep 1	PAIRED	ftp.sra.ebi.ac.uk/vol1/fastq/SRR260/081/SRR26039781/SRR26039781_1.fastq.gz;ftp.sra.ebi.ac.uk/vol1/fastq/SRR260/081/SRR26039781/SRR26039781_2.fastq.gz	5653e5afdfee5babb3e7987c5d4bc850;9909b74f388caa63d9de4afc7b04c9f3	2380924733;2468654387
SRR26039782	SAMN37359277	SRS18863639	GSM7776125	Leaves, 7d post transition, ZT1, rep 3	PAIRED	ftp.sra.ebi.ac.uk/vol1/fastq/SRR260/082/SRR26039782/SRR26039782_1.fastq.gz;ftp.sra.ebi.ac.uk/vol1/fastq/SRR260/082/SRR26039782/SRR26039782_2.fastq.gz	2e96c5fbd2a81d70e79f742211199471;972d4c316f8381b9618606510f06b743	2228870730;2228924864
SRR26039785	SAMN37359249	SRS18863636	GSM7776153	Leaves, 12d post transition, ZT8, rep 1	PAIRED	ftp.sra.ebi.ac.uk/vol1/fastq/SRR260/085/SRR26039785/SRR26039785_1.fastq.gz;ftp.sra.ebi.ac.uk/vol1/fastq/SRR260/085/SRR26039785/SRR26039785_2.fastq.gz	6b444da5df246165b18e1e185fd00f78;066eb933092dec09fb739687f262d269	3002834321;3139903471
SRR26039787	SAMN37359251	SRS18863634	GSM7776151	Leaves, 12d post transition, ZT4, rep 2	PAIRED	ftp.sra.ebi.ac.uk/vol1/fastq/SRR260/087/SRR26039787/SRR26039787_1.fastq.gz;ftp.sra.ebi.ac.uk/vol1/fastq/SRR260/087/SRR26039787/SRR26039787_2.fastq.gz	3becd65976f0fe31f2bff772d1d26275;42e81f57459682824f0a264c35b3d484	3133905856;3277929423
SRR26039791	SAMN37359255	SRS18863630	GSM7776147	Leaves, 12d post transition, ZT20, rep 1	PAIRED	ftp.sra.ebi.ac.uk/vol1/fastq/SRR260/091/SRR26039791/SRR26039791_1.fastq.gz;ftp.sra.ebi.ac.uk/vol1/fastq/SRR260/091/SRR26039791/SRR26039791_2.fastq.gz	bb6e36a97e44349c639bc405acede5f2;d7f72fcbb5ab570f43e35ca8140414d0	3655189302;3802120832
SRR26039809	SAMN37359289	SRS18863612	GSM7776113	Leaves, 2d post transition, ZT8, rep 3	PAIRED	ftp.sra.ebi.ac.uk/vol1/fastq/SRR260/009/SRR26039809/SRR26039809_1.fastq.gz;ftp.sra.ebi.ac.uk/vol1/fastq/SRR260/009/SRR26039809/SRR26039809_2.fastq.gz	40473cd5a4f7f1b38c362c820ae9397d;20b5e4d89512ec0ff88a05b64828d113	3767234924;3920215052
SRR26039811	SAMN37359291	SRS18863610	GSM7776111	Leaves, 2d post transition, ZT8, rep 1	PAIRED	ftp.sra.ebi.ac.uk/vol1/fastq/SRR260/011/SRR26039811/SRR26039811_1.fastq.gz;ftp.sra.ebi.ac.uk/vol1/fastq/SRR260/011/SRR26039811/SRR26039811_2.fastq.gz	ef33f2844f31cf7ea44873a26b7f317b;d1eca716052bfad8f030678dc29ba5e4	2756623163;2869114156
SRR26039816	SAMN37359296	SRS18863605	GSM7776106	Leaves, 2d post transition, ZT20, rep 2	PAIRED	ftp.sra.ebi.ac.uk/vol1/fastq/SRR260/016/SRR26039816/SRR26039816_1.fastq.gz;ftp.sra.ebi.ac.uk/vol1/fastq/SRR260/016/SRR26039816/SRR26039816_2.fastq.gz	3cdfb934e59f9466cfc5b6b136ce0eea;aec52c4e8cdbc8d132e29c8494b780e0	1965895786;1966087467
SRR26039818	SAMN37359298	SRS18863603	GSM7776104	Leaves, 2d post transition, ZT1, rep 3	PAIRED	ftp.sra.ebi.ac.uk/vol1/fastq/SRR260/018/SRR26039818/SRR26039818_1.fastq.gz;ftp.sra.ebi.ac.uk/vol1/fastq/SRR260/018/SRR26039818/SRR26039818_2.fastq.gz	6da2f4deb9b054cb8c74486034efb44f;c5c4b312fc1926f7e04846e9867f9ae9	1922708243;1997441845
