run_accession	sample_accession	secondary_sample_accession	sample_alias	sample_title	library_layout	fastq_ftp	fastq_md5	fastq_bytes	day	hour	replicate	sample_id
SRR26039829	SAMN37359309	SRS18863592	GSM7776093	Leaves, 2d post transition, ZT0, rep 1	PAIRED	ftp.sra.ebi.ac.uk/vol1/fastq/SRR260/029/SRR26039829/SRR26039829_1.fastq.gz;ftp.sra.ebi.ac.uk/vol1/fastq/SRR260/029/SRR26039829/SRR26039829_2.fastq.gz	151ef85bf27a7e7f6ecd8d66ca07264d;7d1f878bf337819ac03f5a82171b2277	2753905806;2755370606	2	0	1	ZT0_rep_1
SRR26039828	SAMN37359308	SRS18863593	GSM7776094	Leaves, 2d post transition, ZT0, rep 2	PAIRED	ftp.sra.ebi.ac.uk/vol1/fastq/SRR260/028/SRR26039828/SRR26039828_1.fastq.gz;ftp.sra.ebi.ac.uk/vol1/fastq/SRR260/028/SRR26039828/SRR26039828_2.fastq.gz	2429fa0a754a4b5545a93fde6763f756;1e7901ba6eb2a9117b6be7dbc7150373	2572787889;2693128058	2	0	2	ZT0_rep_2
SRR26039827	SAMN37359307	SRS18863594	GSM7776095	Leaves, 2d post transition, ZT0, rep 3	PAIRED	ftp.sra.ebi.ac.uk/vol1/fastq/SRR260/027/SRR26039827/SRR26039827_1.fastq.gz;ftp.sra.ebi.ac.uk/vol1/fastq/SRR260/027/SRR26039827/SRR26039827_2.fastq.gz	a4aa56b3be752083db2bfa2ab66caa88;9f6cca6e14374dfa84c73277f00b365c	2637755338;2639393126	2	0	3	ZT0_rep_3
SRR26039820	SAMN37359300	SRS18863601	GSM7776102	Leaves, 2d post transition, ZT1, rep 1	PAIRED	ftp.sra.ebi.ac.uk/vol1/fastq/SRR260/020/SRR26039820/SRR26039820_1.fastq.gz;ftp.sra.ebi.ac.uk/vol1/fastq/SRR260/020/SRR26039820/SRR26039820_2.fastq.gz	bd0b287f5001f9d733df72da0077835f;c07bbf9d67af0117b82201051281c2a8	2670889236;2786877269	2	1	1	ZT1_rep_1
SRR26039819	SAMN37359299	SRS18863602	GSM7776103	Leaves, 2d post transition, ZT1, rep 2	PAIRED	ftp.sra.ebi.ac.uk/vol1/fastq/SRR260/019/SRR26039819/SRR26039819_1.fastq.gz;ftp.sra.ebi.ac.uk/vol1/fastq/SRR260/019/SRR26039819/SRR26039819_2.fastq.gz	c97f5217423d66ae563fb1e721748b74;399a50941d084bca29c39ccb3ea64ff0	2757987329;2850052064	2	1	2	ZT1_rep_2
SRR26039818	SAMN37359298	SRS18863603	GSM7776104	Leaves, 2d post transition, ZT1, rep 3	PAIRED	ftp.sra.ebi.ac.uk/vol1/fastq/SRR260/018/SRR26039818/SRR26039818_1.fastq.gz;ftp.sra.ebi.ac.uk/vol1/fastq/SRR260/018/SRR26039818/SRR26039818_2.fastq.gz	6da2f4deb9b054cb8c74486034efb44f;c5c4b312fc1926f7e04846e9867f9ae9	1922708243;1997441845	2	1	3	ZT1_rep_3
SRR26039814	SAMN37359294	SRS18863607	GSM7776108	Leaves, 2d post transition, ZT4, rep 1	PAIRED	ftp.sra.ebi.ac.uk/vol1/fastq/SRR260/014/SRR26039814/SRR26039814_1.fastq.gz;ftp.sra.ebi.ac.uk/vol1/fastq/SRR260/014/SRR26039814/SRR26039814_2.fastq.gz	d9cc8a52ae47c8a8440e3c53d40fd004;c869c5d28d657f8c43c1a6785d50099a	2799142499;2933322615	2	4	1	ZT4_rep_1
SRR26039813	SAMN37359293	SRS18863608	GSM7776109	Leaves, 2d post transition, ZT4, rep 2	PAIRED	ftp.sra.ebi.ac.uk/vol1/fastq/SRR260/013/SRR26039813/SRR26039813_1.fastq.gz;ftp.sra.ebi.ac.uk/vol1/fastq/SRR260/013/SRR26039813/SRR26039813_2.fastq.gz	6e482a2a11d1393cc9b72959de19cd1e;da5dac6f1c4f2bfdb1101068452563ef	3059456291;3176146461	2	4	2	ZT4_rep_2
SRR26039812	SAMN37359292	SRS18863609	GSM7776110	Leaves, 2d post transition, ZT4, rep 3	PAIRED	ftp.sra.ebi.ac.uk/vol1/fastq/SRR260/012/SRR26039812/SRR26039812_1.fastq.gz;ftp.sra.ebi.ac.uk/vol1/fastq/SRR260/012/SRR26039812/SRR26039812_2.fastq.gz	c4d98cf49faf24e69f2dc20d39e5c6ba;fa498cf8bc275e98e3b314139d3bb52f	2142947857;2144623367	2	4	3	ZT4_rep_3
SRR26039811	SAMN37359291	SRS18863610	GSM7776111	Leaves, 2d post transition, ZT8, rep 1	PAIRED	ftp.sra.ebi.ac.uk/vol1/fastq/SRR260/011/SRR26039811/SRR26039811_1.fastq.gz;ftp.sra.ebi.ac.uk/vol1/fastq/SRR260/011/SRR26039811/SRR26039811_2.fastq.gz	ef33f2844f31cf7ea44873a26b7f317b;d1eca716052bfad8f030678dc29ba5e4	2756623163;2869114156	2	8	1	ZT8_rep_1
SRR26039810	SAMN37359290	SRS18863611	GSM7776112	Leaves, 2d post transition, ZT8, rep 2	PAIRED	ftp.sra.ebi.ac.uk/vol1/fastq/SRR260/010/SRR26039810/SRR26039810_1.fastq.gz;ftp.sra.ebi.ac.uk/vol1/fastq/SRR260/010/SRR26039810/SRR26039810_2.fastq.gz	6f18a330c6f835b864ef90138d4c710c;ea576ac8fafd66837f04728fcdb694d0	2838444728;2945205725	2	8	2	ZT8_rep_2
SRR26039809	SAMN37359289	SRS18863612	GSM7776113	Leaves, 2d post transition, ZT8, rep 3	PAIRED	ftp.sra.ebi.ac.uk/vol1/fastq/SRR260/009/SRR26039809/SRR26039809_1.fastq.gz;ftp.sra.ebi.ac.uk/vol1/fastq/SRR260/009/SRR26039809/SRR26039809_2.fastq.gz	40473cd5a4f7f1b38c362c820ae9397d;20b5e4d89512ec0ff88a05b64828d113	3767234924;3920215052	2	8	3	ZT8_rep_3
SRR26039826	SAMN37359306	SRS18863595	GSM7776096	Leaves, 2d post transition, ZT12, rep 1	PAIRED	ftp.sra.ebi.ac.uk/vol1/fastq/SRR260/026/SRR26039826/SRR26039826_1.fastq.gz;ftp.sra.ebi.ac.uk/vol1/fastq/SRR260/026/SRR26039826/SRR26039826_2.fastq.gz	a48a04b06770a8565a6398b0a5065600;34ed9e1ace5d7518ad5dcbb7f023c15a	7621129727;7986511311	2	12	1	ZT12_rep_1
SRR26039825	SAMN37359305	SRS18863596	GSM7776097	Leaves, 2d post transition, ZT12, rep 2	PAIRED	ftp.sra.ebi.ac.uk/vol1/fastq/SRR260/025/SRR26039825/SRR26039825_1.fastq.gz;ftp.sra.ebi.ac.uk/vol1/fastq/SRR260/025/SRR26039825/SRR26039825_2.fastq.gz	0a2fd4d83ccf9ed8a3d5b689af57a752;13fdca4da3b6b2e3ece1f311e92284cc	2133308931;2132657564	2	12	2	ZT12_rep_2
SRR26039824	SAMN37359304	SRS18863597	GSM7776098	Leaves, 2d post transition, ZT12, rep 3	PAIRED	ftp.sra.ebi.ac.uk/vol1/fastq/SRR260/024/SRR26039824/SRR26039824_1.fastq.gz;ftp.sra.ebi.ac.uk/vol1/fastq/SRR260/024/SRR26039824/SRR26039824_2.fastq.gz	021d67d19ab17d150eaf3092bd8ede20;a77d247de75bc5c54b1504abfb5207f5	4030614119;4160181145	2	12	3	ZT12_rep_3
SRR26039823	SAMN37359303	SRS18863598	GSM7776099	Leaves, 2d post transition, ZT16, rep 1	PAIRED	ftp.sra.ebi.ac.uk/vol1/fastq/SRR260/023/SRR26039823/SRR26039823_1.fastq.gz;ftp.sra.ebi.ac.uk/vol1/fastq/SRR260/023/SRR26039823/SRR26039823_2.fastq.gz	e98ed996ec63b12c74d13ff09f46e515;9445720edcf5f79750e828f645946178	3113955986;3114911083	2	16	1	ZT16_rep_1
SRR26039822	SAMN37359302	SRS18863599	GSM7776100	Leaves, 2d post transition, ZT16, rep 2	PAIRED	ftp.sra.ebi.ac.uk/vol1/fastq/SRR260/022/SRR26039822/SRR26039822_1.fastq.gz;ftp.sra.ebi.ac.uk/vol1/fastq/SRR260/022/SRR26039822/SRR26039822_2.fastq.gz	4ee4149c31fc06f423b57c1e3ddcd286;fc5bcbae31d6472c648433dab38e25f2	2836517439;2917456133	2	16	2	ZT16_rep_2
SRR26039821	SAMN37359301	SRS18863600	GSM7776101	Leaves, 2d post transition, ZT16, rep 3	PAIRED	ftp.sra.ebi.ac.uk/vol1/fastq/SRR260/021/SRR26039821/SRR26039821_1.fastq.gz;ftp.sra.ebi.ac.uk/vol1/fastq/SRR260/021/SRR26039821/SRR26039821_2.fastq.gz	f5fa480aff5b83c86d82475857268534;c084a4e3298623fe9ee508bcb204dac0	4231675292;4420545266	2	16	3	ZT16_rep_3
SRR26039817	SAMN37359297	SRS18863604	GSM7776105	Leaves, 2d post transition, ZT20, rep 1	PAIRED	ftp.sra.ebi.ac.uk/vol1/fastq/SRR260/017/SRR26039817/SRR26039817_1.fastq.gz;ftp.sra.ebi.ac.uk/vol1/fastq/SRR260/017/SRR26039817/SRR26039817_2.fastq.gz	1ce5a219c39403118765251ff99167fd;e3a7696b4281e4cacf01f8279cb3b355	3741272608;3808791910	2	20	1	ZT20_rep_1
SRR26039816	SAMN37359296	SRS18863605	GSM7776106	Leaves, 2d post transition, ZT20, rep 2	PAIRED	ftp.sra.ebi.ac.uk/vol1/fastq/SRR260/016/SRR26039816/SRR26039816_1.fastq.gz;ftp.sra.ebi.ac.uk/vol1/fastq/SRR260/016/SRR26039816/SRR26039816_2.fastq.gz	3cdfb934e59f9466cfc5b6b136ce0eea;aec52c4e8cdbc8d132e29c8494b780e0	1965895786;1966087467	2	20	2	ZT20_rep_2
SRR26039815	SAMN37359295	SRS18863606	GSM7776107	Leaves, 2d post transition, ZT20, rep 3	PAIRED	ftp.sra.ebi.ac.uk/vol1/fastq/SRR260/015/SRR26039815/SRR26039815_1.fastq.gz;ftp.sra.ebi.ac.uk/vol1/fastq/SRR260/015/SRR26039815/SRR26039815_2.fastq.gz	a4727838824cef8dada972e0d9eac602;37fbe09f2fe0f9d40e80d6cc2a97369d	2794862185;2892393442	2	20	3	ZT20_rep_3
