source	file	kind	detail	source_sha256	sha256	bytes
2data/rawdata/qc/ZT4_rep_1_1_fastqc.zip	case/2data/rawdata/qc/ZT4_rep_1_1_fastqc/Images/per_base_quality.png	extract	ZT4_rep_1_1_fastqc/Images/per_base_quality.png	a57d822b24036b74242aab54f930b8e500a60da651b40a2fa545683e56686f34	ca9843ca202b07ecd946b0a49a10e23afc4411b2b61b9cf191e42c927b9b02fb	43561
2data/rawdata/qc/ZT4_rep_1_1_fastqc.zip	case/2data/rawdata/qc/ZT4_rep_1_1_fastqc/Images/adapter_content.png	extract	ZT4_rep_1_1_fastqc/Images/adapter_content.png	a57d822b24036b74242aab54f930b8e500a60da651b40a2fa545683e56686f34	2e780ba37370627fdea8b5ba25bfb2e1668a692b5a058fdc4950a30bfb1dd8d5	68318
2data/cleandata/qc/ZT4_rep_1_clean_1_fastqc.zip	case/2data/cleandata/qc/ZT4_rep_1_clean_1_fastqc/Images/per_base_quality.png	extract	ZT4_rep_1_clean_1_fastqc/Images/per_base_quality.png	57109eb58b65c84e3da06d525f370c79f8626b895ea9094212832f95bc823d48	781897d04360d6fb6d1ebb51a4a9e2864241844696f62c0f5ccff70e22768348	42371
2data/cleandata/qc/ZT4_rep_1_clean_1_fastqc.zip	case/2data/cleandata/qc/ZT4_rep_1_clean_1_fastqc/Images/adapter_content.png	extract	ZT4_rep_1_clean_1_fastqc/Images/adapter_content.png	57109eb58b65c84e3da06d525f370c79f8626b895ea9094212832f95bc823d48	79bc9bff2fd3cea3cdf2c80fff99cd550516d0632ab18dfec68fee524a35e057	65043
2data/cleandata/read_retention.png	case/2data/cleandata/read_retention.png	copy		41afa001f3baa99909db0f97c193140bdb6de0331383130f7713e6576324a97e	41afa001f3baa99909db0f97c193140bdb6de0331383130f7713e6576324a97e	59538
3Salmon/quanti/matrix_overview.png	case/3Salmon/quanti/matrix_overview.png	copy		30440ff961575ba6c4d53c5715359bd688b403ff88c8dd0b5a9f9544391db056	30440ff961575ba6c4d53c5715359bd688b403ff88c8dd0b5a9f9544391db056	61593
4SampleHeatmapPCA/pca_labels_TRUE_encircle_FALSE.png	case/4SampleHeatmapPCA/pca_labels_TRUE_encircle_FALSE.png	copy		bd5f6f6bc7243d574d3b8f0df2b0d692edcf4cb6cc51a243dca035a0903a5c43	bd5f6f6bc7243d574d3b8f0df2b0d692edcf4cb6cc51a243dca035a0903a5c43	104101
4SampleHeatmapPCA/sample_correlation_time_order_numbers_TRUE.png	case/4SampleHeatmapPCA/sample_correlation_time_order_numbers_TRUE.png	copy		e4ea4c0be5fa2c2c3c95045a985ab7ca5c0f2574d8ef77c3f390808d7c2d9ba5	e4ea4c0be5fa2c2c3c95045a985ab7ca5c0f2574d8ef77c3f390808d7c2d9ba5	681397
6venn/first/all/venn_first3.png	case/6venn/first/all/venn_first3.png	copy		5db16053e0a9ce1830f61e257a4abf6c93f6885519f606d10b99cc6c5f7125ef	5db16053e0a9ce1830f61e257a4abf6c93f6885519f606d10b99cc6c5f7125ef	117326
6venn/first/all/upset.png	case/6venn/first/all/upset.png	copy		71da55d249130fe2bbfa7678ef36a248aab74ecb48804ce1cf9fa987ac3989d9	71da55d249130fe2bbfa7678ef36a248aab74ecb48804ce1cf9fa987ac3989d9	62522
7volcano/ZT4_vs_ZT0/volcano_classic_labels_TRUE.png	case/7volcano/ZT4_vs_ZT0/volcano_classic_labels_TRUE.png	copy		bce789588503865aecfc8eeffb9c2af98ba48376cbba01e42bafaae7c5aacbac	bce789588503865aecfc8eeffb9c2af98ba48376cbba01e42bafaae7c5aacbac	259238
7volcano/ZT4_vs_ZT0/volcano_enhanced_labels_FALSE.png	case/7volcano/ZT4_vs_ZT0/volcano_enhanced_labels_FALSE.png	copy		4f808c4ae71cef7cac33cc886764ff2bedbb4fc80a8e02835bd28b7fac59b5fa	4f808c4ae71cef7cac33cc886764ff2bedbb4fc80a8e02835bd28b7fac59b5fa	259133
8topgene_pheatmap/ZT4_vs_ZT0/top30/comparison/labels_blue_orange.png	case/8topgene_pheatmap/ZT4_vs_ZT0/top30/comparison/labels_blue_orange.png	copy		8796dfc792cdf71a66a6e7d707a22ece83a39bcf50a34a404a8e2b4455b919c4	8796dfc792cdf71a66a6e7d707a22ece83a39bcf50a34a404a8e2b4455b919c4	223256
9Enrichment_Analysis/ORA/ZT4_vs_ZT0/up/GO_BP_raw_top10_dot.png	case/9Enrichment_Analysis/ORA/ZT4_vs_ZT0/up/GO_BP_raw_top10_dot.png	copy		681290a4592fea448b0ecbd88bb094634ac1dc0ad6f5c0bd4484cec52b5a576e	681290a4592fea448b0ecbd88bb094634ac1dc0ad6f5c0bd4484cec52b5a576e	114056
9Enrichment_Analysis/ORA/ZT4_vs_ZT0/up/KEGG_raw_top10_dot.png	case/9Enrichment_Analysis/ORA/ZT4_vs_ZT0/up/KEGG_raw_top10_dot.png	copy		01ec85068789ebabf5a5b9f9ced180aa76d04e1bbd784125589fed36d81be262	01ec85068789ebabf5a5b9f9ced180aa76d04e1bbd784125589fed36d81be262	114457
9Enrichment_Analysis/GSEA/ZT4_vs_ZT0/stat/GO_BP_raw_top1_pvalue_table_TRUE.png	case/9Enrichment_Analysis/GSEA/ZT4_vs_ZT0/stat/GO_BP_raw_top1_pvalue_table_TRUE.png	copy		277ab2d8e08e130665dc6d54c8da9c295b2d2994d87ebc14f6bd8d151f9eaf9f	277ab2d8e08e130665dc6d54c8da9c295b2d2994d87ebc14f6bd8d151f9eaf9f	136889
9Enrichment_Analysis/GSEA/ZT4_vs_ZT0/stat/GO_BP_raw_top10_dotplot.png	case/9Enrichment_Analysis/GSEA/ZT4_vs_ZT0/stat/GO_BP_raw_top10_dotplot.png	copy		cd439c21b82a7e6bcffd2b6b32f8ee5682f9169d72efdd7938592b1c771f5487	cd439c21b82a7e6bcffd2b6b32f8ee5682f9169d72efdd7938592b1c771f5487	117660
10Time_Series/top_var_prop_0.1/Clusters_num_6/line2.png	case/10Time_Series/top_var_prop_0.1/Clusters_num_6/line2.png	copy		4e45e3ed0d1fb167a7237c19e531f17bd8c4df28682b57e4f6513ead2ea0d60e	4e45e3ed0d1fb167a7237c19e531f17bd8c4df28682b57e4f6513ead2ea0d60e	1183266
10Time_Series/top_var_prop_0.1/Clusters_num_6/pheatmap_go_markGenes.png	case/10Time_Series/top_var_prop_0.1/Clusters_num_6/pheatmap_go_markGenes.png	copy		3e9ce01cb8217308a991de5954d2153c8ce2d0c1eb78467998019070bf4a51c4	3e9ce01cb8217308a991de5954d2153c8ce2d0c1eb78467998019070bf4a51c4	358206
10Time_Series/JTK_CYCLE/JTK_top_profiles.png	case/10Time_Series/JTK_CYCLE/JTK_top_profiles.png	copy		3f4181ca3b925dab07d9b07ed941c3375d4934f33dec9113f3d79d988998ae69	3f4181ca3b925dab07d9b07ed941c3375d4934f33dec9113f3d79d988998ae69	245116
9Enrichment_Analysis/OrgDb/diamond/output/annotation_coverage.png	case/9Enrichment_Analysis/OrgDb/diamond/output/annotation_coverage.png	copy		cab61161cb43b533c042a016c1dd260f1e41ddff182ee46aeb9dbd43bc574298	cab61161cb43b533c042a016c1dd260f1e41ddff182ee46aeb9dbd43bc574298	57006
9Enrichment_Analysis/OrgDb/diamond/ORA/ZT4_vs_ZT0/up/ORA_overview_simplified_top10_dot.png	case/9Enrichment_Analysis/OrgDb/diamond/ORA/ZT4_vs_ZT0/up/ORA_overview_simplified_top10_dot.png	copy		c3dd6de0ac37cf96490096324544f8f063d5f172a3468c3124c449ef26cded2b	c3dd6de0ac37cf96490096324544f8f063d5f172a3468c3124c449ef26cded2b	236420
9Enrichment_Analysis/OrgDb/diamond/GSEA/ZT4_vs_ZT0/stat/GO_BP_raw_top1_pvalue_table_TRUE.png	case/9Enrichment_Analysis/OrgDb/diamond/GSEA/ZT4_vs_ZT0/stat/GO_BP_raw_top1_pvalue_table_TRUE.png	copy		5e76f436713e695e0f53bedc4c8f0d13d6ec9fa5cf4bf37d6e917e25ac6edc77	5e76f436713e695e0f53bedc4c8f0d13d6ec9fa5cf4bf37d6e917e25ac6edc77	139682
0script/01 安装Conda及分析软件.md	case/0script/01 安装Conda及分析软件.md	copy	V9 资料快照；按字节复制；2026-09-15T10:25:01.257528+00:00	9e370a3f88c249570c0da25343bc853304f266517eaabdd0c63f91e0414daf99	9e370a3f88c249570c0da25343bc853304f266517eaabdd0c63f91e0414daf99	18170
0script/02 工作目录创建.md	case/0script/02 工作目录创建.md	copy	V9 资料快照；按字节复制；2026-09-15T10:25:01.257528+00:00	385155b70fc80807d5f93e926d27c75cc3bc2c3b7f96c99861c61a61a957fda9	385155b70fc80807d5f93e926d27c75cc3bc2c3b7f96c99861c61a61a957fda9	6068
0script/03 参考基因组准备.md	case/0script/03 参考基因组准备.md	copy	V9 资料快照；按字节复制；2026-09-15T10:25:01.257528+00:00	fed677235cba1da6f8ceea56849a6c58dcb797f8691a42c62332f2aab5c9b33b	fed677235cba1da6f8ceea56849a6c58dcb797f8691a42c62332f2aab5c9b33b	20679
0script/04 转录组测序数据下载或自备.md	case/0script/04 转录组测序数据下载或自备.md	copy	V9 资料快照；按字节复制；2026-09-15T10:25:01.257528+00:00	23ed30e743b7e96ecd186efac62b2231b3b37faf52db585731429f456f1517b2	23ed30e743b7e96ecd186efac62b2231b3b37faf52db585731429f456f1517b2	14966
0script/05 数据质控（FastQC与MultiQC）.md	case/0script/05 数据质控（FastQC与MultiQC）.md	copy	V9 资料快照；按字节复制；2026-09-15T10:25:01.257528+00:00	65c9f2e59e2ca46bfb5b1a6b58f980f5362cd8c40b7c987c973f1873036776f9	65c9f2e59e2ca46bfb5b1a6b58f980f5362cd8c40b7c987c973f1873036776f9	7540
0script/06 数据过滤（fastp）.md	case/0script/06 数据过滤（fastp）.md	copy	V9 资料快照；按字节复制；2026-09-15T10:25:01.257528+00:00	68afc68f6da88695ffeae001c900618dc67bd7974628c67c808377a19e766b67	68afc68f6da88695ffeae001c900618dc67bd7974628c67c808377a19e766b67	11605
0script/07 定量（Salmon）.md	case/0script/07 定量（Salmon）.md	copy	V9 资料快照；按字节复制；2026-09-15T10:25:01.257528+00:00	7ee91b7b65edf78d076d4aeaeeab8329d8b0920adf0401106b1cd1951a13beed	7ee91b7b65edf78d076d4aeaeeab8329d8b0920adf0401106b1cd1951a13beed	11755
0script/08 获取表达矩阵.md	case/0script/08 获取表达矩阵.md	copy	V9 资料快照；按字节复制；2026-09-15T10:25:01.257528+00:00	05915a9c94e385e5395ea6686f595bf23a3c5d9a075a73ae3a469ee92f028081	05915a9c94e385e5395ea6686f595bf23a3c5d9a075a73ae3a469ee92f028081	12872
0script/09 样本关系、PCA与表达基因数量.md	case/0script/09 样本关系、PCA与表达基因数量.md	copy	V9 资料快照；按字节复制；2026-09-15T10:25:01.257528+00:00	cc4670c3449fea8a3fa43c0461ae1ca578d60cae89b8cf2a19ac4546fa7139a8	cc4670c3449fea8a3fa43c0461ae1ca578d60cae89b8cf2a19ac4546fa7139a8	15425
0script/10 样品间差异表达（DESeq2）.md	case/0script/10 样品间差异表达（DESeq2）.md	copy	V9 资料快照；按字节复制；2026-09-15T10:25:01.257528+00:00	d73bad1dad4ba6a7ffff2a9b117485887f4b74fca2240b8b5b02cd79d1ae0197	d73bad1dad4ba6a7ffff2a9b117485887f4b74fca2240b8b5b02cd79d1ae0197	12930
0script/11 差异表达基因韦恩图.md	case/0script/11 差异表达基因韦恩图.md	copy	V9 资料快照；按字节复制；2026-09-15T10:25:01.257528+00:00	e9767fe52314c2c9f0b496473cc95ad5a971985e82b0459917b4941369e2b1a0	e9767fe52314c2c9f0b496473cc95ad5a971985e82b0459917b4941369e2b1a0	14406
0script/12 火山图.md	case/0script/12 火山图.md	copy	V9 资料快照；按字节复制；2026-09-15T10:25:01.257528+00:00	bb3984f166d0a459b59cd30a92caf57be457e506acce377884a4b8b67e8e617f	bb3984f166d0a459b59cd30a92caf57be457e506acce377884a4b8b67e8e617f	16943
0script/13 Top基因热图.md	case/0script/13 Top基因热图.md	copy	V9 资料快照；按字节复制；2026-09-15T10:25:01.257528+00:00	9116f4c879c70df2694cf24ccfc0a785c46908a6c4302240a196a4446729d70e	9116f4c879c70df2694cf24ccfc0a785c46908a6c4302240a196a4446729d70e	14631
0script/14 模式生物GO和KEGG富集分析.md	case/0script/14 模式生物GO和KEGG富集分析.md	copy	V9 资料快照；按字节复制；2026-09-15T10:25:01.257528+00:00	9a7b2c793048978abf2e17d3423fe679e51b9f427679795d73ac24c70d474730	9a7b2c793048978abf2e17d3423fe679e51b9f427679795d73ac24c70d474730	28445
0script/15 模式生物GO和KEGG的GSEA.md	case/0script/15 模式生物GO和KEGG的GSEA.md	copy	V9 资料快照；按字节复制；2026-09-15T10:25:01.257528+00:00	bf3be1af64c1140c43ce8b0eed1dc40677f268a7f2d2c0f1307cf0f822b6490f	bf3be1af64c1140c43ce8b0eed1dc40677f268a7f2d2c0f1307cf0f822b6490f	34909
0script/16 时间序列聚类（ClusterGVis与Mfuzz）.md	case/0script/16 时间序列聚类（ClusterGVis与Mfuzz）.md	copy	V9 资料快照；按字节复制；2026-09-15T10:25:01.257528+00:00	a37a0dedb85a253a1ef383902c94209da84aee4d2cda971fed29874c6f03092f	a37a0dedb85a253a1ef383902c94209da84aee4d2cda971fed29874c6f03092f	37133
0script/17 周期性分析（MetaCycle-JTK）.md	case/0script/17 周期性分析（MetaCycle-JTK）.md	copy	V9 资料快照；按字节复制；2026-09-15T10:25:01.257528+00:00	b14b741cf94fa86958fe17dd13e686ac794de73fb7121545a13ddf7291f7b9a1	b14b741cf94fa86958fe17dd13e686ac794de73fb7121545a13ddf7291f7b9a1	21732
0script/18 非模式生物OrgDb构建.md	case/0script/18 非模式生物OrgDb构建.md	copy	V9 资料快照；按字节复制；2026-09-15T10:25:01.257528+00:00	4e7c7099366e56c5962840b9a4b0d6f7af13b6dcbc83597fac94bd20384d0528	4e7c7099366e56c5962840b9a4b0d6f7af13b6dcbc83597fac94bd20384d0528	26477
0script/19 非模式生物GO和KEGG富集分析.md	case/0script/19 非模式生物GO和KEGG富集分析.md	copy	V9 资料快照；按字节复制；2026-09-15T10:25:01.257528+00:00	8c77f6f860f548f7489bfca8fd6f059ca23b7aa377ba29a59adab98a8dbe0e83	8c77f6f860f548f7489bfca8fd6f059ca23b7aa377ba29a59adab98a8dbe0e83	32218
0script/20 非模式生物GO和KEGG的GSEA.md	case/0script/20 非模式生物GO和KEGG的GSEA.md	copy	V9 资料快照；按字节复制；2026-09-15T10:25:01.257528+00:00	03c61776554fbefa5001554e39b2325eee723dd660a28dd27ccd256448a8c311	03c61776554fbefa5001554e39b2325eee723dd660a28dd27ccd256448a8c311	19213
0script/README.md	case/0script/README.md	copy	V9 资料快照；按字节复制；2026-09-15T10:25:01.257528+00:00	7601aaa7d267d3df811060e3fa1abc68925f360bb75f34f0d38b4b91585fe6cc	7601aaa7d267d3df811060e3fa1abc68925f360bb75f34f0d38b4b91585fe6cc	15856
0script/附1 研究背景与样本范围.md	case/0script/附1 研究背景与样本范围.md	copy	V9 资料快照；按字节复制；2026-09-15T10:25:01.257528+00:00	d39f4b7b5d9914675ad4be471d85b3f3b78d6538144d99d0f7404af70fb42167	d39f4b7b5d9914675ad4be471d85b3f3b78d6538144d99d0f7404af70fb42167	3128
0script/附2 下载路径与SRA格式转换.md	case/0script/附2 下载路径与SRA格式转换.md	copy	V9 资料快照；按字节复制；2026-09-15T10:25:01.257528+00:00	a7408634df738791d2ac7db53e7b222bc11c172e3f7aaf46b3def5edb88eb0e1	a7408634df738791d2ac7db53e7b222bc11c172e3f7aaf46b3def5edb88eb0e1	1035
0script/附3 富集比例与统计量.md	case/0script/附3 富集比例与统计量.md	copy	V9 资料快照；按字节复制；2026-09-15T10:25:01.257528+00:00	2c841415ec3fd868d06fcf9e21488f92fbd7db55a26a967ccba433911c0283d9	2c841415ec3fd868d06fcf9e21488f92fbd7db55a26a967ccba433911c0283d9	3206
0script/附4 输入文件规范与项目迁移.md	case/0script/附4 输入文件规范与项目迁移.md	copy	V9 资料快照；按字节复制；2026-09-15T10:25:01.257528+00:00	4c6ad8e02bbfcd3002758ac54411173cf715980f66155e46dbdb86a70823287f	4c6ad8e02bbfcd3002758ac54411173cf715980f66155e46dbdb86a70823287f	19682
0script/附5 结果阅览与命令行.md	case/0script/附5 结果阅览与命令行.md	copy	V9 资料快照；按字节复制；2026-09-15T10:25:01.257528+00:00	a5556801bebfada5b491cfc0006c7f311ab837da3a906c53ac0726249d39fc28	a5556801bebfada5b491cfc0006c7f311ab837da3a906c53ac0726249d39fc28	6387
0script/tools/catalog.py	case/0script/tools/catalog.py	copy	V9 资料快照；按字节复制；2026-09-15T10:25:01.257528+00:00	5da74295daab3635521fc07c049b9202578e00f8e90065ffe517a49fd1419867	5da74295daab3635521fc07c049b9202578e00f8e90065ffe517a49fd1419867	12858
0script/tools/execution.py	case/0script/tools/execution.py	copy	V9 资料快照；按字节复制；2026-09-15T10:25:01.257528+00:00	99c76236cd16cd76815f8f2f19d6cd2824763d433d8dd8f3997a32543a611aa9	99c76236cd16cd76815f8f2f19d6cd2824763d433d8dd8f3997a32543a611aa9	4479
0script/tools/markdown_blocks.py	case/0script/tools/markdown_blocks.py	copy	V9 资料快照；按字节复制；2026-09-15T10:25:01.257528+00:00	8efdd4f2361d116f3b3f4e6c9920d773ed38084a5166d4674c49e385e01dd850	8efdd4f2361d116f3b3f4e6c9920d773ed38084a5166d4674c49e385e01dd850	3647
0script/tools/metadata.R	case/0script/tools/metadata.R	copy	V9 资料快照；按字节复制；2026-09-15T10:25:01.257528+00:00	33a5f52868f9a97e2ba98169ee96cc6ccf24b6b5536ff3b19383e5e8425000e5	33a5f52868f9a97e2ba98169ee96cc6ccf24b6b5536ff3b19383e5e8425000e5	24424
0script/tools/outputs.R	case/0script/tools/outputs.R	copy	V9 资料快照；按字节复制；2026-09-15T10:25:01.257528+00:00	3e39aeec9891f8687a0184f12796236151f885e73f89167a0a611f3c559d7032	3e39aeec9891f8687a0184f12796236151f885e73f89167a0a611f3c559d7032	20575
0script/tools/prepare_inputs.R	case/0script/tools/prepare_inputs.R	copy	V9 资料快照；按字节复制；2026-09-15T10:25:01.257528+00:00	8609b82c9531e89bf83261cbaaf76a605afe6a0576b0b59bf51fc5812eb3969a	8609b82c9531e89bf83261cbaaf76a605afe6a0576b0b59bf51fc5812eb3969a	3844
0script/tools/protein_identity.py	case/0script/tools/protein_identity.py	copy	V9 资料快照；按字节复制；2026-09-15T10:25:01.257528+00:00	ea40e5059ba8078059c551764b523a3ad77752883378957e814a3880abe0099d	ea40e5059ba8078059c551764b523a3ad77752883378957e814a3880abe0099d	8197
0script/tools/run_chapter.py	case/0script/tools/run_chapter.py	copy	V9 资料快照；按字节复制；2026-09-15T10:25:01.257528+00:00	68aba536b5e3db145381392ec1f293c6355fd86fd7f96be08964474dd0f8632e	68aba536b5e3db145381392ec1f293c6355fd86fd7f96be08964474dd0f8632e	7884
0script/tools/sample_columns.R	case/0script/tools/sample_columns.R	copy	V9 资料快照；按字节复制；2026-09-15T10:25:01.257528+00:00	fa892e2ea15e7e698240c79a04fcf8f784aaaea25fbf0a3a7f3c8432de63ce87	fa892e2ea15e7e698240c79a04fcf8f784aaaea25fbf0a3a7f3c8432de63ce87	1468
0script/tools/validation.py	case/0script/tools/validation.py	copy	V9 资料快照；按字节复制；2026-09-15T10:25:01.257528+00:00	f6e474ae04a25cd965a3b615f52391406470bad680908d781b17860b68b71c8f	f6e474ae04a25cd965a3b615f52391406470bad680908d781b17860b68b71c8f	4926
0script/samples.tsv	case/0script/samples.tsv	copy	V9 资料快照；按字节复制；2026-09-15T10:25:01.257528+00:00	bb367bc54a89956026354db7d1d7c0e4d60d63c2ce558c34412284b79246e6b5	bb367bc54a89956026354db7d1d7c0e4d60d63c2ce558c34412284b79246e6b5	1966
0script/contrasts.tsv	case/0script/contrasts.tsv	copy	V9 资料快照；按字节复制；2026-09-15T10:25:01.257528+00:00	0091a017ce24e76a2465e51c2993dd279c0ff2e6aca9a2048a651411ae96401f	0091a017ce24e76a2465e51c2993dd279c0ff2e6aca9a2048a651411ae96401f	437
0script/project.env	case/0script/project.env	copy	V9 资料快照；按字节复制；2026-09-15T10:25:01.257528+00:00	681e9e7d3174c3b5d0ae5dbf01ab74f029d8b54ab8baac2c6bdb12aa9ef9bcff	681e9e7d3174c3b5d0ae5dbf01ab74f029d8b54ab8baac2c6bdb12aa9ef9bcff	6298
2data/rawdata/raw_qc_summary.tsv	case/2data/rawdata/raw_qc_summary.tsv	copy		27707d13bce8c0257fb72cdad0ef1298648f4028b0c3d7dbc1722011e5bab038	27707d13bce8c0257fb72cdad0ef1298648f4028b0c3d7dbc1722011e5bab038	5046
2data/cleandata/qc_summary.tsv	case/2data/cleandata/qc_summary.tsv	copy		b5d79246078fc43340394ea6c9a08e115a571748ba661d1a2cd09dbdead04181	b5d79246078fc43340394ea6c9a08e115a571748ba661d1a2cd09dbdead04181	2752
2data/cleandata/fastp/ZT4_rep_1.fp.json	case/2data/cleandata/fastp/ZT4_rep_1.fp.json	copy		c0c974918680adf0b65b45002e24d2806a3b67bbcfa7fc19c82def8087ce2ef6	c0c974918680adf0b65b45002e24d2806a3b67bbcfa7fc19c82def8087ce2ef6	138628
2data/rawdata/qc/ZT4_rep_1_1_fastqc.html	case/2data/rawdata/qc/ZT4_rep_1_1_fastqc.html	copy		1d601cf2be2eb5bc8b6ba0bd686babda883861a60c3fe93b3588bcf472b574ff	1d601cf2be2eb5bc8b6ba0bd686babda883861a60c3fe93b3588bcf472b574ff	609286
2data/cleandata/qc/ZT4_rep_1_clean_1_fastqc.html	case/2data/cleandata/qc/ZT4_rep_1_clean_1_fastqc.html	copy		6424855a1abe6b5b94e0cfc80012fa7347b7482fc2db91a57fe6e63effe5dd3e	6424855a1abe6b5b94e0cfc80012fa7347b7482fc2db91a57fe6e63effe5dd3e	617510
3Salmon/quanti/mapping_summary.tsv	case/3Salmon/quanti/mapping_summary.tsv	copy		337c56bdbaed6850557e9d6696ab482a3248c04270a3de2032ffdeb8d15fd321	337c56bdbaed6850557e9d6696ab482a3248c04270a3de2032ffdeb8d15fd321	1101
4SampleHeatmapPCA/pca_variance.tsv	case/4SampleHeatmapPCA/pca_variance.tsv	copy		876c3b4f8edacd0ebfa970ccd150e71bad0c5c05ddd7c2597b7c7f32c23685fa	876c3b4f8edacd0ebfa970ccd150e71bad0c5c05ddd7c2597b7c7f32c23685fa	486
4SampleHeatmapPCA/pca_scores.tsv	case/4SampleHeatmapPCA/pca_scores.tsv	copy		7b23105f6511856c4dc6f2a6a0605bd05d48df996d74d49357c6f14c531c0e91	7b23105f6511856c4dc6f2a6a0605bd05d48df996d74d49357c6f14c531c0e91	8162
5DESeq2/DE_summary.tsv	case/5DESeq2/DE_summary.tsv	copy		a453c481568750a75846f5e427dac762f146a3d390a301b72f3875f1091e5b61	a453c481568750a75846f5e427dac762f146a3d390a301b72f3875f1091e5b61	466
8topgene_pheatmap/ZT4_vs_ZT0/top30/comparison/selected_genes.tsv	case/8topgene_pheatmap/ZT4_vs_ZT0/top30/comparison/selected_genes.tsv	copy		18143fc1ac72f958f934bce7efede1cf5da524b27262b703eb338201589da1a9	18143fc1ac72f958f934bce7efede1cf5da524b27262b703eb338201589da1a9	5238
8topgene_pheatmap/ZT4_vs_ZT0/top30/comparison/row_zscore.tsv	case/8topgene_pheatmap/ZT4_vs_ZT0/top30/comparison/row_zscore.tsv	copy		d65b2177cb41ec4ff44c11058ca7e6b0d19b0f43b9c7ef20ec5f9c5c7aa6ef76	d65b2177cb41ec4ff44c11058ca7e6b0d19b0f43b9c7ef20ec5f9c5c7aa6ef76	3663
9Enrichment_Analysis/ORA/ZT4_vs_ZT0/up/GO_BP_raw.tsv	case/9Enrichment_Analysis/ORA/ZT4_vs_ZT0/up/GO_BP_raw.tsv	copy		2cb5d6ccdd7979647e13263d8bbb179a36559658a4ddabaa644f3dd38444a666	2cb5d6ccdd7979647e13263d8bbb179a36559658a4ddabaa644f3dd38444a666	43277
9Enrichment_Analysis/ORA/ZT4_vs_ZT0/up/KEGG_raw.tsv	case/9Enrichment_Analysis/ORA/ZT4_vs_ZT0/up/KEGG_raw.tsv	copy		a262922c6d89b34de32c80f1658e15e953a1cf296b5a851a2e76f6c6b8faa48e	a262922c6d89b34de32c80f1658e15e953a1cf296b5a851a2e76f6c6b8faa48e	4116
9Enrichment_Analysis/GSEA/ZT4_vs_ZT0/stat/GO_BP_raw.tsv	case/9Enrichment_Analysis/GSEA/ZT4_vs_ZT0/stat/GO_BP_raw.tsv	copy		69a3a7f78e4421b81a464f6436f10d1d5683df7fd9e36f745063535dd31f1d09	69a3a7f78e4421b81a464f6436f10d1d5683df7fd9e36f745063535dd31f1d09	49579
9Enrichment_Analysis/GSEA/ZT4_vs_ZT0/stat/ranking.tsv	case/9Enrichment_Analysis/GSEA/ZT4_vs_ZT0/stat/ranking.tsv	copy		81aa6963b7e5d747ca7c08c7eeb2929d4627e6f9dbcf77f3e85da48a2c5e2081	81aa6963b7e5d747ca7c08c7eeb2929d4627e6f9dbcf77f3e85da48a2c5e2081	423866
9Enrichment_Analysis/OrgDb/diamond/output/annotation_coverage.tsv	case/9Enrichment_Analysis/OrgDb/diamond/output/annotation_coverage.tsv	copy		c24ac014607abf34487a3e6ebd7775ee95688a0647c3799b3d1ab401cc210cdb	c24ac014607abf34487a3e6ebd7775ee95688a0647c3799b3d1ab401cc210cdb	300
9Enrichment_Analysis/OrgDb/diamond/ORA/ZT4_vs_ZT0/up/GO_BP_raw.tsv	case/9Enrichment_Analysis/OrgDb/diamond/ORA/ZT4_vs_ZT0/up/GO_BP_raw.tsv	copy		5a56161254a2c06b612c35438dd0cc7e0d9aadf9c90f517b49e3855fdca3c116	5a56161254a2c06b612c35438dd0cc7e0d9aadf9c90f517b49e3855fdca3c116	7835
9Enrichment_Analysis/OrgDb/diamond/GSEA/ZT4_vs_ZT0/stat/GO_BP_raw.tsv	case/9Enrichment_Analysis/OrgDb/diamond/GSEA/ZT4_vs_ZT0/stat/GO_BP_raw.tsv	copy		c95846cf6f2853effb011e4f88c84b097a68a8bf4e936a598228ebb4c4979ac4	c95846cf6f2853effb011e4f88c84b097a68a8bf4e936a598228ebb4c4979ac4	10567
2data/cleandata/fastp/ZT4_rep_1.fp.html	case/2data/cleandata/fastp/ZT4_rep_1.fp.html	offline_report	仅替换两个 Plotly 依赖地址，统计及曲线数据不改	17867dd7152d56e4e717c03ca063c2f8416a363e534d5bd38c43b5db3541dcb7	cb515d4d64b7d9a10651fdb0755bd5b13a73e6f345bbc66b25360cf452d79e3e	495496
plotly.min.js	assets/vendor/plotly.min.js	vendor		419deebe105f4c993feb7e6d1fe94fb1c2f7f98716db5d9b8fe3e37773838898	419deebe105f4c993feb7e6d1fe94fb1c2f7f98716db5d9b8fe3e37773838898	3575010
plotly.LICENSE	assets/vendor/plotly.LICENSE	vendor		67a26cf80f03ff388f26945dfc1f6caed1a0746ff43871190339b3aee49b94bb	67a26cf80f03ff388f26945dfc1f6caed1a0746ff43871190339b3aee49b94bb	1078
README.md	assets/vendor/README.md	vendor		7e25c64500ad10575523356d85402ad851554c19da171d091d06c4f23234e984	7e25c64500ad10575523356d85402ad851554c19da171d091d06c4f23234e984	635
5DESeq2/de_result.tsv	case/teaching/ZT4_vs_ZT0.de_result.tsv	subset	仅筛选 contrast_id=ZT4_vs_ZT0；列和值原样保留	8664499c084706e39e3c4db41a065096320295d74d33728f810e6c7ca875c769	d2e35f313d44459fb32b6dcbc762d2976f062389007af4814034d59d98e42485	2683522
3Salmon/quanti/gene.counts.matrix	case/teaching/matrix_counts_excerpt.tsv	subset	6 个指定基因 × ZT0/ZT4 的 6 个样本；保留原始字符串精度	2ca8878cbb2974ea062dd0cc5c0d70678e925e3ff31feb3ce48c3e581ff1000d	41b0f9393dc004c5b351ff1179043259bc4a9f8c44dfcb2a265876a90b24b953	360
3Salmon/quanti/gene.TPM.not_cross_norm	case/teaching/matrix_TPM_excerpt.tsv	subset	6 个指定基因 × ZT0/ZT4 的 6 个样本；保留原始字符串精度	0e0b6189a41fc41a5f57dfffee000a1ab2cbfc678dfb3c99092c47da3673d811	a7c56fd5e827556276f3d781ca6f063ffb7d673604ed93d81167f3a71a3ae691	429
3Salmon/quanti/gene.TMM.EXPR.matrix	case/teaching/matrix_TMM_excerpt.tsv	subset	6 个指定基因 × ZT0/ZT4 的 6 个样本；保留原始字符串精度	45342bd31dd30ae33a5e6f7b295ddbad88706296e8257745454c388efa6ee2db	befc4ff74edd6e045a92aea7188717cc0bb83d077af194d8bd714887812dbbef	344
0script/04.5 分析前准备检查.md	case/0script/04.5 分析前准备检查.md	copy	V9 资料快照；按字节复制；2026-09-15T10:25:01.257528+00:00	a33a6f88c4adb435b08b9fe4606b66589673e5593f9d6742b7b819989966ba13	a33a6f88c4adb435b08b9fe4606b66589673e5593f9d6742b7b819989966ba13	7221
0script/contrasts.generated.tsv	case/0script/contrasts.generated.tsv	copy	V9 资料快照；按字节复制；2026-09-15T10:25:01.257528+00:00	0091a017ce24e76a2465e51c2993dd279c0ff2e6aca9a2048a651411ae96401f	0091a017ce24e76a2465e51c2993dd279c0ff2e6aca9a2048a651411ae96401f	437
0script/database_move_manifest.tsv	case/0script/database_move_manifest.tsv	copy	V9 资料快照；按字节复制；2026-09-15T10:25:01.257528+00:00	413bc39574b27e08a49c3a9862d2712c598e50973be377887fe088b360b5fcf2	413bc39574b27e08a49c3a9862d2712c598e50973be377887fe088b360b5fcf2	3658
0script/download_manifest.tsv	case/0script/download_manifest.tsv	copy	V9 资料快照；按字节复制；2026-09-15T10:25:01.257528+00:00	29eeef6ef791837ef906f7da3215527ff5aea28f107340859487057067809b94	29eeef6ef791837ef906f7da3215527ff5aea28f107340859487057067809b94	6261
0script/ena_runinfo.tsv	case/0script/ena_runinfo.tsv	copy	V9 资料快照；按字节复制；2026-09-15T10:25:01.257528+00:00	0b2003203ff3c21c655c9e090aa91bb2476ccde5e880f91497602525f0580d29	0b2003203ff3c21c655c9e090aa91bb2476ccde5e880f91497602525f0580d29	21095
0script/input_move_manifest.tsv	case/0script/input_move_manifest.tsv	copy	V9 资料快照；按字节复制；2026-09-15T10:25:01.257528+00:00	7915b55745f7dcfba264c8cffc32344cf63e70627200b5a776646e74ee369b24	7915b55745f7dcfba264c8cffc32344cf63e70627200b5a776646e74ee369b24	12129
0script/scripts/03_reference_mapping.R	case/0script/scripts/03_reference_mapping.R	copy	V9 资料快照；按字节复制；2026-09-15T10:25:01.257528+00:00	590f542b1f8e086fd2a05367080a7ec3cc81c7b5b02ec6b9ffc18ecf74464e61	590f542b1f8e086fd2a05367080a7ec3cc81c7b5b02ec6b9ffc18ecf74464e61	8980
0script/scripts/04_5_check.py	case/0script/scripts/04_5_check.py	copy	V9 资料快照；按字节复制；2026-09-15T10:25:01.257528+00:00	06e169280bbf8a631a78c18f169dfcb470ebecdf2ad13520a3cd8b0381d58d2a	06e169280bbf8a631a78c18f169dfcb470ebecdf2ad13520a3cd8b0381d58d2a	30594
0script/scripts/04_5_tables.R	case/0script/scripts/04_5_tables.R	copy	V9 资料快照；按字节复制；2026-09-15T10:25:01.257528+00:00	a4d4edb9c55368918658adad95043dfd6ae0af388a2248bb129fadd5f476984c	a4d4edb9c55368918658adad95043dfd6ae0af388a2248bb129fadd5f476984c	9603
0script/scripts/04_sample_inputs.R	case/0script/scripts/04_sample_inputs.R	copy	V9 资料快照；按字节复制；2026-09-15T10:25:01.257528+00:00	51cd55aff36ad979e538fb92d8bc6dfd8057f7eed64fc5d3b10704eaf4690f96	51cd55aff36ad979e538fb92d8bc6dfd8057f7eed64fc5d3b10704eaf4690f96	6202
0script/scripts/05_raw_qc.sh	case/0script/scripts/05_raw_qc.sh	copy	V9 资料快照；按字节复制；2026-09-15T10:25:01.257528+00:00	83ede26cbf3adc9a95bc698af079312b1e6f9734dd5c5493fc4311ac40fd1557	83ede26cbf3adc9a95bc698af079312b1e6f9734dd5c5493fc4311ac40fd1557	3399
0script/scripts/05_raw_qc_summary.R	case/0script/scripts/05_raw_qc_summary.R	copy	V9 资料快照；按字节复制；2026-09-15T10:25:01.257528+00:00	68ded3133f80c035458eb8275f81bd502e7ab53631db217e587802b83bef0af6	68ded3133f80c035458eb8275f81bd502e7ab53631db217e587802b83bef0af6	6171
0script/scripts/06_clean_qc.sh	case/0script/scripts/06_clean_qc.sh	copy	V9 资料快照；按字节复制；2026-09-15T10:25:01.257528+00:00	503e60d5b02cfae0d749592a50419cd59be5f2dfc0cd97f1b728e4d3982f708f	503e60d5b02cfae0d749592a50419cd59be5f2dfc0cd97f1b728e4d3982f708f	2925
0script/scripts/06_fastp.sh	case/0script/scripts/06_fastp.sh	copy	V9 资料快照；按字节复制；2026-09-15T10:25:01.257528+00:00	7470a9c1e8010d556c1af821f516bf1fe00ecab80744c95c5589909cb66ec514	7470a9c1e8010d556c1af821f516bf1fe00ecab80744c95c5589909cb66ec514	7337
0script/scripts/06_qc_summary.R	case/0script/scripts/06_qc_summary.R	copy	V9 资料快照；按字节复制；2026-09-15T10:25:01.257528+00:00	6063d6fa09ca49e7ab907f09deab4fefc79f6fb6af9fbc6f0939c77a08ed63c4	6063d6fa09ca49e7ab907f09deab4fefc79f6fb6af9fbc6f0939c77a08ed63c4	5263
0script/scripts/07_index.sh	case/0script/scripts/07_index.sh	copy	V9 资料快照；按字节复制；2026-09-15T10:25:01.257528+00:00	ff4863be6a9de1f0b6f7c30e2bbe8e3b5d6a28f1c77c2fca1f590acc04af24c6	ff4863be6a9de1f0b6f7c30e2bbe8e3b5d6a28f1c77c2fca1f590acc04af24c6	3393
0script/scripts/07_quantification.sh	case/0script/scripts/07_quantification.sh	copy	V9 资料快照；按字节复制；2026-09-15T10:25:01.257528+00:00	06793c4360e73a5d507603bd193fb4c95816e9fe7bdd1ce180f2adc1388c4d64	06793c4360e73a5d507603bd193fb4c95816e9fe7bdd1ce180f2adc1388c4d64	4940
0script/scripts/07_quantmerge.sh	case/0script/scripts/07_quantmerge.sh	copy	V9 资料快照；按字节复制；2026-09-15T10:25:01.257528+00:00	81ea8f040ed0a26e2c64f946aa0923deee951241cf27667fe968668b7225529a	81ea8f040ed0a26e2c64f946aa0923deee951241cf27667fe968668b7225529a	3089
0script/scripts/08_mapping.R	case/0script/scripts/08_mapping.R	copy	V9 资料快照；按字节复制；2026-09-15T10:25:01.257528+00:00	055e9d01031901d34305d693f66a3385436a2fec67f90378707accf73572366a	055e9d01031901d34305d693f66a3385436a2fec67f90378707accf73572366a	3291
0script/scripts/08_matrices.sh	case/0script/scripts/08_matrices.sh	copy	V9 资料快照；按字节复制；2026-09-15T10:25:01.257528+00:00	04015285172b7f118313afcd676b45dc9090086655f4d43b10275f6a4950b67f	04015285172b7f118313afcd676b45dc9090086655f4d43b10275f6a4950b67f	2767
0script/scripts/08_matrix_summary.R	case/0script/scripts/08_matrix_summary.R	copy	V9 资料快照；按字节复制；2026-09-15T10:25:01.257528+00:00	bc82b1a4f967b3999052933cceb08e97f0167a2f0bb46ecd8c4e3e3dc56e4019	bc82b1a4f967b3999052933cceb08e97f0167a2f0bb46ecd8c4e3e3dc56e4019	4465
0script/scripts/08_reference_accounting.R	case/0script/scripts/08_reference_accounting.R	copy	V9 资料快照；按字节复制；2026-09-15T10:25:01.257528+00:00	5a0afd0fe2215e21206fe5cf26e6e291104dc241f8550965a6e97b9656799970	5a0afd0fe2215e21206fe5cf26e6e291104dc241f8550965a6e97b9656799970	3119
0script/scripts/09_exploratory_rescue.R	case/0script/scripts/09_exploratory_rescue.R	copy	V9 资料快照；按字节复制；2026-09-15T10:25:01.257528+00:00	7ca63ee285ba2285b3a22a29fed24d8f1169f2af7986e2fd9de6b2bad1ecd5f9	7ca63ee285ba2285b3a22a29fed24d8f1169f2af7986e2fd9de6b2bad1ecd5f9	5652
0script/scripts/09_sample_relationships.R	case/0script/scripts/09_sample_relationships.R	copy	V9 资料快照；按字节复制；2026-09-15T10:25:01.257528+00:00	e5c27a11b63adf25757749bfa28a2477f83f46165c5c3ae42c78fad4f7819814	e5c27a11b63adf25757749bfa28a2477f83f46165c5c3ae42c78fad4f7819814	16901
0script/scripts/10_de_summary.R	case/0script/scripts/10_de_summary.R	copy	V9 资料快照；按字节复制；2026-09-15T10:25:01.257528+00:00	f5e976e67568cccf3831f8c3b25877efae998884402c1f576acfa6d2741f21d7	f5e976e67568cccf3831f8c3b25877efae998884402c1f576acfa6d2741f21d7	7450
0script/scripts/10_deseq2.sh	case/0script/scripts/10_deseq2.sh	copy	V9 资料快照；按字节复制；2026-09-15T10:25:01.257528+00:00	be5294804348da274b97b4453a0d50093c25a5fdbe0316b942640dcde95bf84e	be5294804348da274b97b4453a0d50093c25a5fdbe0316b942640dcde95bf84e	3668
0script/scripts/10_design.R	case/0script/scripts/10_design.R	copy	V9 资料快照；按字节复制；2026-09-15T10:25:01.257528+00:00	a6e0e03495bf46adee6fc0b71f2a0d7db8fa3ccaeb73907edfbc736fe6aee538	a6e0e03495bf46adee6fc0b71f2a0d7db8fa3ccaeb73907edfbc736fe6aee538	3586
0script/scripts/11_sets.R	case/0script/scripts/11_sets.R	copy	V9 资料快照；按字节复制；2026-09-15T10:25:01.257528+00:00	397b2243a93a5e15bb5f30cbe19e73122790b581400a078d58b61749979188ad	397b2243a93a5e15bb5f30cbe19e73122790b581400a078d58b61749979188ad	14624
0script/scripts/12_volcano.R	case/0script/scripts/12_volcano.R	copy	V9 资料快照；按字节复制；2026-09-15T10:25:01.257528+00:00	e0eeef6a9b379f9ad7c1c58b622d7ff6f18841ad32061f7e8f5359ebce277431	e0eeef6a9b379f9ad7c1c58b622d7ff6f18841ad32061f7e8f5359ebce277431	16553
0script/scripts/13_top_heatmaps.R	case/0script/scripts/13_top_heatmaps.R	copy	V9 资料快照；按字节复制；2026-09-15T10:25:01.257528+00:00	28a54ba0b12afda67e1ea0ebad9b25b3af5b7a950ab6e54d146b29508bbd4ae8	28a54ba0b12afda67e1ea0ebad9b25b3af5b7a950ab6e54d146b29508bbd4ae8	17633
0script/scripts/14_ora_analysis.R	case/0script/scripts/14_ora_analysis.R	copy	V9 资料快照；按字节复制；2026-09-15T10:25:01.257528+00:00	6204abd34d23181d1b7930173bea3ca2593d77b9f5ad70a405f45e60f70200f5	6204abd34d23181d1b7930173bea3ca2593d77b9f5ad70a405f45e60f70200f5	7906
0script/scripts/14_ora_functions.R	case/0script/scripts/14_ora_functions.R	copy	V9 资料快照；按字节复制；2026-09-15T10:25:01.257528+00:00	8523606c146230375349df77b19280705998e4b08281fd41c7a73c50d8ff3d8e	8523606c146230375349df77b19280705998e4b08281fd41c7a73c50d8ff3d8e	19468
0script/scripts/14_ora_redraw.R	case/0script/scripts/14_ora_redraw.R	copy	V9 资料快照；按字节复制；2026-09-15T10:25:01.257528+00:00	52f98e13e53b8f23731cf849f5cb7fac178d46519f074fd018b0dd67ba6b488f	52f98e13e53b8f23731cf849f5cb7fac178d46519f074fd018b0dd67ba6b488f	4902
0script/scripts/15_gsea_analysis.R	case/0script/scripts/15_gsea_analysis.R	copy	V9 资料快照；按字节复制；2026-09-15T10:25:01.257528+00:00	ddd5d10f93ccc6bdd4ad9a2c14c556d11ec471cd307b5b4488858f49ad6acc01	ddd5d10f93ccc6bdd4ad9a2c14c556d11ec471cd307b5b4488858f49ad6acc01	7832
0script/scripts/15_gsea_diagnostic_functions.R	case/0script/scripts/15_gsea_diagnostic_functions.R	copy	V9 资料快照；按字节复制；2026-09-15T10:25:01.257528+00:00	b0143e585a84acef68555d58743409921ff2ff0da39623ea6a01ecd6bc2d3fab	b0143e585a84acef68555d58743409921ff2ff0da39623ea6a01ecd6bc2d3fab	6365
0script/scripts/15_gsea_example_diagnostics.R	case/0script/scripts/15_gsea_example_diagnostics.R	copy	V9 资料快照；按字节复制；2026-09-15T10:25:01.257528+00:00	8274002cc638e48ae67927c46d975baa852af306d2d23c6c88eb07ab6e93c605	8274002cc638e48ae67927c46d975baa852af306d2d23c6c88eb07ab6e93c605	2194
0script/scripts/15_gsea_functions.R	case/0script/scripts/15_gsea_functions.R	copy	V9 资料快照；按字节复制；2026-09-15T10:25:01.257528+00:00	4cb4d6612819df8b868dd09fca23189da73783f6415589fdee8b173b804d8724	4cb4d6612819df8b868dd09fca23189da73783f6415589fdee8b173b804d8724	18194
0script/scripts/15_gsea_redraw.R	case/0script/scripts/15_gsea_redraw.R	copy	V9 资料快照；按字节复制；2026-09-15T10:25:01.257528+00:00	56b6a8c4b43947f1f3ee1077d3f9dd45e48f3d02bffdb02a533f06176d5302fb	56b6a8c4b43947f1f3ee1077d3f9dd45e48f3d02bffdb02a533f06176d5302fb	4919
0script/scripts/16_time_clustering.R	case/0script/scripts/16_time_clustering.R	copy	V9 资料快照；按字节复制；2026-09-15T10:25:01.257528+00:00	a736a1205bd25ceee36b24198d25cccdf372e73f362d2283c8a8273f6a4291ae	a736a1205bd25ceee36b24198d25cccdf372e73f362d2283c8a8273f6a4291ae	8662
0script/scripts/16_time_functions.R	case/0script/scripts/16_time_functions.R	copy	V9 资料快照；按字节复制；2026-09-15T10:25:01.257528+00:00	05364a893eedd8b7526a613273ceec7a3f97e4542585d223c371e5c3f94388cb	05364a893eedd8b7526a613273ceec7a3f97e4542585d223c371e5c3f94388cb	27546
0script/scripts/16_time_input.R	case/0script/scripts/16_time_input.R	copy	V9 资料快照；按字节复制；2026-09-15T10:25:01.257528+00:00	146245ecfa5320342a9832d722949c14fa294bdef839514220627e6401e5e422	146245ecfa5320342a9832d722949c14fa294bdef839514220627e6401e5e422	4799
0script/scripts/16_time_redraw.R	case/0script/scripts/16_time_redraw.R	copy	V9 资料快照；按字节复制；2026-09-15T10:25:01.257528+00:00	5692077cd4623a95d42cb7e2d5abd450728c1bd3ccc165010d2f47e4c13ed3b3	5692077cd4623a95d42cb7e2d5abd450728c1bd3ccc165010d2f47e4c13ed3b3	5245
0script/scripts/17_jtk_analysis.R	case/0script/scripts/17_jtk_analysis.R	copy	V9 资料快照；按字节复制；2026-09-15T10:25:01.257528+00:00	a1e128e55ee9e414ab0e7573930529c901c8db27866454a30123591311df0213	a1e128e55ee9e414ab0e7573930529c901c8db27866454a30123591311df0213	8174
0script/scripts/17_jtk_input.R	case/0script/scripts/17_jtk_input.R	copy	V9 资料快照；按字节复制；2026-09-15T10:25:01.257528+00:00	26ce61815c654271687333fea7991d773e7a3d1351f1c81b5a7d7cf377ec87c6	26ce61815c654271687333fea7991d773e7a3d1351f1c81b5a7d7cf377ec87c6	5055
0script/scripts/17_jtk_plots.R	case/0script/scripts/17_jtk_plots.R	copy	V9 资料快照；按字节复制；2026-09-15T10:25:01.257528+00:00	b41b8ece67301a918e0aa3098407b10fffe8b19b446f19a39b63c00a4c63fb7d	b41b8ece67301a918e0aa3098407b10fffe8b19b446f19a39b63c00a4c63fb7d	7501
0script/scripts/18_diamond.sh	case/0script/scripts/18_diamond.sh	copy	V9 资料快照；按字节复制；2026-09-15T10:25:01.257528+00:00	8b7cc8a55de382cbf7acc7e2f72e1e5ee9166cf497abbaa24ba3bdf36888d14b	8b7cc8a55de382cbf7acc7e2f72e1e5ee9166cf497abbaa24ba3bdf36888d14b	4778
0script/scripts/18_diamond_coverage.R	case/0script/scripts/18_diamond_coverage.R	copy	V9 资料快照；按字节复制；2026-09-15T10:25:01.257528+00:00	210e4b759f60463b488b95caec1307ee6eb21f96177a060a34a6b2c56a2dba3a	210e4b759f60463b488b95caec1307ee6eb21f96177a060a34a6b2c56a2dba3a	2764
0script/scripts/18_diamond_orgdb.R	case/0script/scripts/18_diamond_orgdb.R	copy	V9 资料快照；按字节复制；2026-09-15T10:25:01.257528+00:00	70a5e080896d09342e9d0e2c702c21cf8d88c44e4c35b558f4e80027ab639327	70a5e080896d09342e9d0e2c702c21cf8d88c44e4c35b558f4e80027ab639327	3037
0script/scripts/18_orgdb_builder.R	case/0script/scripts/18_orgdb_builder.R	copy	V9 资料快照；按字节复制；2026-09-15T10:25:01.257528+00:00	e66d95aee58239be82dafa837af050c5ca1bf8754a053b7ac719d6cfa7ea66be	e66d95aee58239be82dafa837af050c5ca1bf8754a053b7ac719d6cfa7ea66be	11048
0script/scripts/18_representative_validation.R	case/0script/scripts/18_representative_validation.R	copy	V9 资料快照；按字节复制；2026-09-15T10:25:01.257528+00:00	c47b1e95e142a97fcd848dd517feeb54ad57ef4f4a5a53e78f206d3076e66bfd	c47b1e95e142a97fcd848dd517feeb54ad57ef4f4a5a53e78f206d3076e66bfd	3701
0script/scripts/18_representatives.sh	case/0script/scripts/18_representatives.sh	copy	V9 资料快照；按字节复制；2026-09-15T10:25:01.257528+00:00	bb49214226088b8f0abef7acbec2cd8bbd001bb2f73d37a2efaf1eb53e514e52	bb49214226088b8f0abef7acbec2cd8bbd001bb2f73d37a2efaf1eb53e514e52	5785
0script/scripts/19_diamond_modules.R	case/0script/scripts/19_diamond_modules.R	copy	V9 资料快照；按字节复制；2026-09-15T10:25:01.257528+00:00	0f051dde28767f6dd7e4bfbf24285613d70a116bdc9058a116ea7fe21cf012a3	0f051dde28767f6dd7e4bfbf24285613d70a116bdc9058a116ea7fe21cf012a3	6091
0script/scripts/19_diamond_ora.R	case/0script/scripts/19_diamond_ora.R	copy	V9 资料快照；按字节复制；2026-09-15T10:25:01.257528+00:00	e68ffbd88f7ac338a3a0beb5b6fd04eb7ec486342a5965fe152c385c4d9dcbda	e68ffbd88f7ac338a3a0beb5b6fd04eb7ec486342a5965fe152c385c4d9dcbda	6662
0script/scripts/19_module_redraw.R	case/0script/scripts/19_module_redraw.R	copy	V9 资料快照；按字节复制；2026-09-15T10:25:01.257528+00:00	2d474b7198006eaabfc4d9bb869fb8c8c61d534145dc8cbb6bddf8ba66678831	2d474b7198006eaabfc4d9bb869fb8c8c61d534145dc8cbb6bddf8ba66678831	6367
0script/scripts/19_nonmodel_module_functions.R	case/0script/scripts/19_nonmodel_module_functions.R	copy	V9 资料快照；按字节复制；2026-09-15T10:25:01.257528+00:00	9f66a119faac1aada936bd6a8d6968202ce36ff1cef577d776c6f2181d8e5bf6	9f66a119faac1aada936bd6a8d6968202ce36ff1cef577d776c6f2181d8e5bf6	8913
0script/scripts/19_nonmodel_ora_functions.R	case/0script/scripts/19_nonmodel_ora_functions.R	copy	V9 资料快照；按字节复制；2026-09-15T10:25:01.257528+00:00	b7915a585db892f2cc490eb99aef2852029acb3936435b00766d59188e2372da	b7915a585db892f2cc490eb99aef2852029acb3936435b00766d59188e2372da	9691
0script/scripts/20_diamond_example_diagnostics.R	case/0script/scripts/20_diamond_example_diagnostics.R	copy	V9 资料快照；按字节复制；2026-09-15T10:25:01.257528+00:00	c756dc928c3a9bb90e6810086e6083cbe102bc7624a557e7467b740f0c260dae	c756dc928c3a9bb90e6810086e6083cbe102bc7624a557e7467b740f0c260dae	2248
0script/scripts/20_diamond_gsea.R	case/0script/scripts/20_diamond_gsea.R	copy	V9 资料快照；按字节复制；2026-09-15T10:25:01.257528+00:00	06b5abf803c7e16aaad04f81168b1c89c75de5eb248c07c7bfa0ccd53f3f515f	06b5abf803c7e16aaad04f81168b1c89c75de5eb248c07c7bfa0ccd53f3f515f	6598
0script/scripts/20_nonmodel_gsea_functions.R	case/0script/scripts/20_nonmodel_gsea_functions.R	copy	V9 资料快照；按字节复制；2026-09-15T10:25:01.257528+00:00	efd9fffebdc76265ebb582ec6e8dcf9f74aa9d93dd755be8fcb0a5a8fa417bfa	efd9fffebdc76265ebb582ec6e8dcf9f74aa9d93dd755be8fcb0a5a8fa417bfa	7030
0script/selected_metadata.tsv	case/0script/selected_metadata.tsv	copy	V9 资料快照；按字节复制；2026-09-15T10:25:01.257528+00:00	5d261d2a7fe66a443bf7506091c26ba9dfa1f8cff74e3fdc9e3828506182ba9a	5d261d2a7fe66a443bf7506091c26ba9dfa1f8cff74e3fdc9e3828506182ba9a	7495
