sample_id	PC1	PC2	PC3	PC4	PC5	PC6	PC7	PC8	PC9	PC10	PC11	PC12	PC13	PC14	PC15	PC16	PC17	PC18	PC19	PC20	PC21
ZT0_rep_1	-52.6830505583145	-17.6813190922741	29.5863955014334	8.59598334547604	15.0044733054357	-5.39429766780983	-1.42202565940746	-3.87857412526229	3.6866957850129	-3.19598286887974	-2.59150082684218	1.59799012730448	1.67739062974558	2.31457880754048	-5.59218930635108	-3.74008755834378	9.98797014218921	-0.603615163753348	-2.78720847270692	0.531943815474172	-7.8088988590434e-14
ZT0_rep_2	-47.6842385254642	-20.3197766029939	26.1900284843024	6.74826730298912	12.1606159323096	1.90097883061592	-5.48064644916661	4.21830778898877	-0.491001217430838	1.70773941072936	-4.59124019950034	-1.9250923457005	1.96406431624604	-1.61517608046415	10.8930387722373	7.2667033396736	-1.77180441391681	2.57216778127119	-2.90796621138473	-0.198121173190181	-7.80889885904348e-14
ZT0_rep_3	-51.8973954918491	-22.1547786032565	29.709944208889	6.40245035045099	13.0874377552463	-4.91827904350249	3.61996337557016	1.16439976773322	-1.76376575997568	-0.177125188002119	7.4750471427636	0.837867097399197	-1.07228599223366	-1.41985801993209	-3.59009199939878	-2.60964562379915	-8.71089733367216	-1.45358545231443	6.4619598942656	-0.0167137471333049	-7.80889885904344e-14
ZT1_rep_1	-58.9136113788375	9.9739561377316	-30.2199848239019	11.9525179527977	-6.54088547256683	0.690338788204969	-1.33150835888549	7.45723889991185	-14.5584486134754	1.90859204109707	-4.65614711113574	-0.369589082808603	0.186981209237072	1.09801156555898	-6.17305512324995	2.46047296217262	0.90482667623657	-0.150533359371672	-0.351547455510388	-0.782241538706104	-7.80889885904338e-14
ZT1_rep_2	-55.7413303115277	14.3266045323554	-36.608815595825	16.226946530542	-6.10852986148323	0.419802009611441	-8.06876458591187	-13.974452658757	5.12256459461133	6.56456684877248	1.536632607509	-6.55941264656256	0.986475845251487	1.06041752073061	1.5468754684828	-1.92166862575485	-1.79494002600726	-0.905710851616764	0.415903662838319	0.566402397326836	-7.80889885904344e-14
ZT1_rep_3	-60.6788360434257	12.1404841759647	-36.610011162864	9.22440652119878	-9.38576897180539	-1.4513129818416	11.5618913011051	7.42331405303283	8.29388386593322	-7.39898231982761	2.70406041570755	6.38403514817829	-2.33940124790815	-1.84985718105892	3.97073176746792	-0.507896009977337	0.951907830477353	0.699544486309291	-0.310019169486321	0.241647796356576	-7.80889885904343e-14
ZT4_rep_1	-18.6896419972698	44.2029696797422	11.1789272974981	-24.7987117896268	3.12144275200328	2.32742512142007	12.79597790206	0.0433934252256177	-5.67333592745716	2.03390836955767	-0.997296161967778	-4.67013224387537	2.53636191748316	0.68494631975908	5.96277170177871	-8.5253871233115	1.1357204447841	-2.03708600051231	-0.821408971315081	0.693851494341196	-7.80889885904345e-14
ZT4_rep_2	-14.0510776364223	40.373210930478	6.72086774698909	-21.2474055694665	2.43695274589843	5.11511055069937	0.244536541362254	-8.50827901940401	-2.32380875733443	-3.23857488897196	7.458898335232	3.17695052982554	-1.76578404714664	4.99836434538925	-0.996967333462203	9.56045497275598	2.17134363715345	2.48960442870809	1.32966476325198	-1.45449817468705	-7.80889885904339e-14
ZT4_rep_3	-12.8880239354781	41.5906975267887	3.76146289543848	-22.2524091291301	3.44284685212604	10.356392274076	-13.7707096438388	5.61247228744855	7.23712718614901	0.502947784730808	-5.58392499466593	1.63081530796016	-1.74078362917075	-5.83558761377536	-5.43213842716904	-1.17133317861574	-3.19953707030168	-0.512550948384023	-0.392644222097823	0.734474742218178	-7.80889885904344e-14
ZT8_rep_1	44.6936685743622	32.5168930512307	18.6348202998933	13.1850552612624	-9.51081785772289	-9.79622679023385	-4.30887675383423	0.703434911709419	-1.86434048465918	2.21729638731154	5.08500236957388	2.63876775916739	7.83342120571688	-9.59714930876911	1.22972265047311	1.73306372002126	4.34629803493624	-2.15929424411335	2.41791633049302	0.188537222017048	-7.80889885904351e-14
ZT8_rep_2	42.2798845970848	29.2132513305784	23.0410949091939	15.8595651248691	-8.03133454849173	-6.2945750169586	-12.7143379303448	3.30266052311387	-1.99205789095987	-2.89149387203341	1.58310427716802	3.61808218036391	-5.04219103208743	8.96842886061527	3.25598715529837	-4.86876022414172	-2.67919963790239	-0.337678991506046	-2.71470493872614	0.731812871524554	-7.8088988590434e-14
ZT8_rep_3	42.7128911291574	31.5134371883759	22.616231764482	13.5417116163643	-3.5221639084485	-9.5607547789148	15.0218883062055	-0.0838586327489095	5.54655001037647	2.44022810042343	-7.15720903071181	-6.15837665954982	-2.75013793508104	1.33284762103009	-4.3818880848239	4.38906136744178	-2.32778966940451	2.83121961376225	0.168827762744159	-0.963342110827394	-7.80889885904343e-14
ZT12_rep_1	50.6214964497242	-7.90995912332436	-12.9340864005683	9.69729566361805	8.77493759099188	9.14155755125982	3.95367677814273	-6.09449629468291	-4.12214413564587	-4.0909490340592	-2.0085718902469	1.36815921094758	-3.40277870145768	-3.32283272063639	0.204024392315228	1.15033334263681	-0.597050477620974	-0.671532739435178	-0.270863987656366	9.87682740623188	-7.80889885904342e-14
ZT12_rep_2	51.8867381804734	-7.3943123141666	-13.3758415444285	11.3144551288172	10.2361578197372	19.2000720288905	3.01182565616735	9.13241902341144	3.90162742833226	6.65453170007447	6.79094565862092	-1.4087719554004	5.23230476287542	5.01438131523862	-1.80163093476399	-0.402171533372804	1.58682948896499	0.979640448272721	-0.787275194537656	-0.551168164055613	-7.80889885904338e-14
ZT12_rep_3	50.7034712313115	-5.42531129800971	-14.520399038957	11.0469626174814	9.52529231292613	9.36682403657861	-0.0455470918131889	-6.14413491099454	-2.67887341877016	-6.89468797054541	-3.95889244243075	0.595131723455369	-2.10244222085874	-3.64104089288384	1.81237863269262	-2.60620802994508	-0.389540365384523	-1.50547228745038	1.37997820081875	-8.85679018249376	-7.80889885904342e-14
ZT16_rep_1	26.6101326522152	-20.7714894725278	-22.8681752033596	-14.1027571763168	-1.1237212394093	-9.97825054161398	-4.98612068775618	0.958603177752927	0.411073104677244	-9.29521244323766	-1.4001519135682	-4.75609452610706	10.1101569896798	2.72920817635015	-1.08146206649787	-1.25315971092653	-2.49509622730766	6.08546111319095	1.74739708051924	1.14544024375111	-7.8088988590434e-14
ZT16_rep_2	29.001924638947	-19.4856334354106	-26.1784454754946	-13.8694867501067	7.80441113365001	-13.0685926523579	2.5642538939287	-3.03989248461524	0.670156225190851	9.48597143733973	-4.90613201127513	12.070231732741	1.43786609347007	2.58120658192045	1.03659642484819	0.0736466040122668	-1.53438815913649	-0.964104161412479	0.394507205138231	-0.565012966426944	-7.8088988590434e-14
ZT16_rep_3	29.5232739846895	-22.4009111549792	-24.991937495415	-14.6745323325958	7.97843263995317	-14.6952235969604	-3.74063286063755	5.4127640673308	0.153963147344159	0.793317838125134	5.90957262535386	-8.13141202775715	-8.58220297089071	-2.54517886551614	0.215466324852714	1.7915502858528	3.0228243514321	-3.52181396421269	-2.46911200025088	-0.554425461141406	-7.80889885904344e-14
ZT20_rep_1	3.82995446277878	-37.2032414329724	14.2018379485986	-7.20080355656838	-15.7244568738823	6.56266829901649	-2.61817323446502	1.30900269572363	0.216324995521531	3.64410965991557	-2.57554090491413	-0.717604329995748	-5.85154395139915	0.32644835925178	2.34685218432976	-2.20103325387269	5.53719898440613	4.85994901373001	8.82809947244584	0.496401347719652	-7.8088988590434e-14
ZT20_rep_2	1.07662021810027	-37.9448826013883	15.9727245381074	-8.8409933345123	-17.9531774269428	6.12579096995516	2.04850981764318	-0.473298277855014	2.35190739318731	-2.97888645719398	-2.46922600253124	-1.13040567672721	3.51991854089346	3.59934606017943	-0.564374802447939	3.81502639286819	-1.42341818204157	-11.1656154365814	-0.375005018437378	0.0778517544631334	-7.8088988590434e-14
ZT20_rep_3	0.287149759744652	-37.1598894219424	16.6933611459876	-6.80851777754382	-15.6721446795248	3.95055260986526	3.66481968387633	-4.54102421706301	-2.12409753062773	2.20868546467378	4.35257005786124	1.90886067714156	-0.83538978236507	-4.88150485052788	-2.86064739661207	-2.43296211537416	-2.72125802788406	5.47100671541959	-8.95649873040541	-1.34287757276257	-7.80889885904345e-14
